-3347502,45.86
-3346472,45.84
-3345452,45.8
-3344442,45.75
-3343422,45.68
-3342392,45.68
-3341382,45.8
-3340362,45.84
-3339342,45.84
-3338312,45.82
-3337282,45.8
-3336262,45.75
-3334872,45.68
-3334002,45.68
-3333182,45.77
-3332162,45.93
-3331142,46.05
-3330122,46.19
-3329112,46.36
-3328092,46.55
-3327082,46.75
-3326072,46.98
-3325062,47.24
-3324032,47.57
-3323012,47.86
-3322002,48.21
-3320982,48.55
-3319952,48.93
-3318942,49.29
-3317912,49.66
-3316892,50.03
-3315832,50.34
-3314782,50.52
-3313732,50.58
-3312682,50.6
-3311632,50.73
-3310582,50.92
-3309532,51.03
-3308532,51.05
-3307492,51.03
-3306482,51.03
-3305472,51.18
-3304402,51.32
-3303352,51.34
-3302342,51.32
-3301282,51.26
-3300232,51.29
-3299182,51.45
-3298172,51.53
-3297132,51.53
-3296082,51.47
-3295032,51.42
-3294032,51.42
-3292982,51.55
-3291902,51.63
-3290892,51.63
-3289842,51.58
-3288832,51.5
-3287822,51.5
-3286782,51.63
-3285732,51.71
-3284682,51.71
-3283672,51.66
-3282632,51.58
-3281582,51.5
-3280532,51.37
-3279492,51.26
-3278402,51.16
-3277392,51.03
-3276332,50.9
-3275292,50.77
-3274212,50.67
-3273232,50.58
-3272182,50.47
-3271122,50.37
-3270082,50.26
-3269042,50.18
-3268042,50.13
-3266982,50.05
-3265892,50
-3264892,49.98
-3263822,49.95
-3262842,49.93
-3261812,49.93
-3260782,49.93
-3259752,49.95
-3258732,49.98
-3257692,50
-3256622,50.05
-3255572,50.11
-3254522,50.16
-3253492,50.21
-3252402,50.29
-3251352,50.37
-3250332,50.45
-3249282,50.52
-3248232,50.55
-3247182,50.52
-3246132,50.52
-3245122,50.58
-3244092,50.62
-3243042,50.65
-3241992,50.6
-3240902,50.6
-3239862,50.62
-3238852,50.67
-3237832,50.67
-3236792,50.65
-3235732,50.62
-3234722,50.67
-3233682,50.73
-3232642,50.73
-3231582,50.67
-3230532,50.65
-3229492,50.7
-3228482,50.75
-3227392,50.75
-3226342,50.7
-3225342,50.7
-3224282,50.73
-3223232,50.77
-3222182,50.75
-3221132,50.7
-3220132,50.73
-3219082,50.77
-3218032,50.8
-3216992,50.75
-3215972,50.7
-3214902,50.73
-3213832,50.8
-3212832,50.83
-3211792,50.8
-3210782,50.73
-3209732,50.73
-3208692,50.77
-3207642,50.83
-3206622,50.83
-3205572,50.77
-3204532,50.73
-3203492,50.77
-3202392,50.85
-3201342,50.85
-3200352,50.8
-3199332,50.75
-3198292,50.75
-3197232,50.83
-3196182,50.85
-3195142,50.83
-3194092,50.77
-3193032,50.77
-3191992,50.83
-3190982,50.88
-3189902,50.85
-3188832,50.8
-3187822,50.77
-3186782,50.83
-3185732,50.88
-3184682,50.88
-3183632,50.83
-3182582,50.77
-3181532,50.8
-3180482,50.88
-3179472,50.9
-3178402,50.85
-3177352,50.8
-3176342,50.8
-3175292,50.88
-3174282,50.92
-3173242,50.9
-3172192,50.85
-3171132,50.8
-3170092,50.83
-3169072,50.9
-3168042,50.92
-3166992,50.9
-3165992,50.85
-3164902,50.8
-3163842,50.88
-3162822,50.92
-3161782,50.9
-3160742,50.85
-3159682,50.83
-3158632,50.85
-3157582,50.92
-3156532,50.92
-3155522,50.9
-3154492,50.83
-3153362,50.83
-3152342,50.9
-3151342,50.95
-3150292,50.92
-3149272,50.88
-3148242,50.83
-3147192,50.85
-3146132,50.95
-3145082,50.98
-3144042,50.95
-3143032,50.9
-3141992,50.85
-3140912,50.88
-3139902,50.95
-3138822,50.95
-3137842,50.92
-3136792,50.88
-3135752,50.85
-3134732,50.92
-3133692,50.98
-3132622,50.95
-3131572,50.9
-3130522,50.85
-3129492,50.88
-3128392,50.98
-3127352,51
-3126342,50.98
-3125292,50.92
-3124232,50.88
-3123192,50.9
-3122142,50.98
-3121082,51
-3120042,50.98
-3118992,50.92
-3117992,50.88
-3116902,50.92
-3115832,51
-3114832,51
-3113792,50.98
-3112742,50.9
-3111732,50.88
-3110722,50.95
-3109682,51
-3108632,51.03
-3107592,50.98
-3106532,50.92
-3105492,50.88
-3104492,50.95
-3103472,51
-3102402,51
-3101352,50.95
-3100322,50.9
-3099292,50.88
-3098242,50.98
-3097182,51.03
-3096132,51
-3095082,50.95
-3094032,50.88
-3093032,50.9
-3091992,51
-3090902,51.05
-3089882,51.03
-3088852,51
-3087832,50.92
-3086792,50.9
-3085782,50.98
-3084742,51.03
-3083682,51.03
-3082632,50.98
-3081592,50.92
-3080532,50.9
-3079482,50.98
-3078472,51.05
-3077412,51.05
-3076402,51
-3075382,50.95
-3074332,50.92
-3073332,51
-3072282,51.08
-3071232,51.08
-3070192,51.03
-3069132,50.98
-3068072,50.92
-3067022,50.98
-3065992,51.08
-3064862,51.08
-3063842,51.05
-3062822,51
-3061772,50.95
-3060782,50.95
-3059742,51.05
-3058682,51.11
-3057672,51.11
-3056632,51.05
-3055592,50.98
-3054532,50.92
-3053492,51
-3052412,51.11
-3051392,51.13
-3050332,51.08
-3049322,51.03
-3048292,50.98
-3047232,50.95
-3046222,51.05
-3045182,51.13
-3044132,51.13
-3043122,51.08
-3042092,51.03
-3041032,50.95
-3039992,50.98
-3038892,51.08
-3037852,51.13
-3036842,51.11
-3035782,51.05
-3034782,50.98
-3033742,50.95
-3032732,51.05
-3031702,51.13
-3030642,51.13
-3029632,51.08
-3028582,51.03
-3027532,50.95
-3026492,51
-3025472,51.11
-3024402,51.13
-3023342,51.11
-3022342,51.08
-3021282,51
-3020242,50.95
-3019232,51.05
-3018222,51.13
-3017192,51.13
-3016052,51.11
-3015082,51.08
-3014072,51.16
-3013042,51.34
-3012032,51.63
-3011012,52.03
-3009992,52.53
-3008962,53.1
-3007952,53.76
-3006932,54.47
-3005902,55.35
-3004882,56.26
-3003872,57.29
-3002852,58.24
-3001822,59.29
-3000802,60.3
-2999782,61.47
-2998692,62.53
-2997672,63.37
-2996612,63.8
-2995632,64.03
-2994522,64.13
-2993352,64.23
-2992342,64.57
-2991522,65.08
-2990482,65.31
-2989402,65.35
-2988382,65.31
-2987342,65.23
-2986332,65.46
-2985282,65.88
-2984232,66.04
-2983182,66.04
-2982132,65.92
-2981082,65.81
-2980012,66
-2978982,66.35
-2977912,66.5
-2976902,66.46
-2975832,66.35
-2974832,66.19
-2973792,66.15
-2972762,66.46
-2971732,66.69
-2970682,66.69
-2969642,66.62
-2968522,66.46
-2967362,66.35
-2966272,66.58
-2965262,66.85
-2964252,66.92
-2963232,66.85
-2962172,66.69
-2961282,66.54
-2960232,66.54
-2959192,66.85
-2958132,67
-2957082,66.96
-2956042,66.81
-2955002,66.65
-2953992,66.58
-2952902,66.88
-2951832,67.12
-2950842,67.12
-2949792,67.04
-2948742,66.88
-2947682,66.73
-2946632,66.73
-2945582,67
-2944532,67.15
-2943482,67.12
-2942392,67
-2941352,66.85
-2940342,66.69
-2939322,66.88
-2938202,67.15
-2937132,67.23
-2936092,67.15
-2935032,67.04
-2934032,66.88
-2933012,66.69
-2931812,66.46
-2931042,66.31
-2929992,66.08
-2928902,65.85
-2927902,65.62
-2926882,65.38
-2925832,65.19
-2924832,65
-2923782,64.82
-2922722,64.68
-2921682,64.54
-2920632,64.4
-2919582,64.33
-2918532,64.23
-2917492,64.2
-2916482,64.17
-2915402,64.13
-2914322,64.17
-2913342,64.17
-2912292,64.23
-2911242,64.27
-2910232,64.37
-2909222,64.43
-2908032,64.54
-2907092,64.64
-2905862,64.79
-2904972,64.93
-2903852,65.08
-2902792,65.23
-2901802,65.38
-2900892,65.46
-2899852,65.38
-2898842,65.42
-2897822,65.5
-2896772,65.58
-2895742,65.65
-2894682,65.62
-2893632,65.54
-2892582,65.62
-2891542,65.69
-2890492,65.73
-2889472,65.69
-2888402,65.62
-2887382,65.65
-2886342,65.77
-2885332,65.81
-2884292,65.77
-2883282,65.69
-2882242,65.69
-2881222,65.77
-2880182,65.85
-2879132,65.85
-2878002,65.73
-2876842,65.73
-2875872,65.81
-2874752,65.88
-2873782,65.88
-2872782,65.81
-2871752,65.77
-2870902,65.81
-2869842,65.92
-2868832,65.92
-2867792,65.85
-2866792,65.77
-2865782,65.85
-2864732,65.96
-2863682,65.96
-2862632,65.88
-2861622,65.81
-2860582,65.85
-2859532,65.96
-2858492,66
-2857402,65.96
-2856342,65.85
-2855332,65.85
-2854262,65.96
-2853242,66.04
-2852192,66
-2851132,65.88
-2850082,65.85
-2849042,65.96
-2847752,66.04
-2846802,66.04
-2845782,65.96
-2844642,65.88
-2843642,65.96
-2842602,66.08
-2841722,66.08
-2840682,66
-2839632,65.92
-2838582,65.96
-2837542,66.08
-2836492,66.12
-2835412,66.08
-2834392,65.96
-2833342,65.92
-2832332,66.04
-2831322,66.12
-2830292,66.12
-2829242,66
-2828182,65.92
-2827132,66.04
-2826072,66.15
-2825042,66.12
-2823982,66.04
-2822902,65.96
-2821842,66.04
-2820812,66.15
-2819782,66.15
-2818612,66.08
-2817662,66
-2816522,66
-2815562,66.12
-2814562,66.19
-2813372,66.15
-2812512,66.04
-2811552,66
-2810532,66.12
-2809492,66.19
-2808392,66.19
-2807352,66.08
-2806332,66
-2805292,66.08
-2804232,66.23
-2803192,66.23
-2802142,66.15
-2801082,66.04
-2800042,66.04
-2799032,66.19
-2798022,66.27
-2796992,66.23
-2795902,66.15
-2794842,66.08
-2793832,66.12
-2792782,66.27
-2791732,66.27
-2790682,66.19
-2789622,66.08
-2788342,66.08
-2787332,66.19
-2786412,66.31
-2785302,66.27
-2784282,66.19
-2783232,66.12
-2782242,66.12
-2781362,66.27
-2780332,66.31
-2779332,66.27
-2778292,66.19
-2777292,66.12
-2776272,66.19
-2775232,66.31
-2774182,66.35
-2773172,66.27
-2772142,66.15
-2771082,66.12
-2770032,66.27
-2769032,66.35
-2767982,66.35
-2766902,66.27
-2765832,66.15
-2764842,66.15
-2763782,66.31
-2762772,66.38
-2761732,66.31
-2760692,66.23
-2759632,66.15
-2758412,66.23
-2757332,66.35
-2756362,66.38
-2755312,66.31
-2754252,66.19
-2753272,66.15
-2752222,66.31
-2751332,66.38
-2750282,66.38
-2749282,66.27
-2748242,66.15
-2747192,66.19
-2746132,66.35
-2745082,66.42
-2744032,66.38
-2742982,66.27
-2741902,66.15
-2740852,66.23
-2739842,66.38
-2738822,66.42
-2737832,66.38
-2736792,66.27
-2735732,66.19
-2734682,66.27
-2733652,66.42
-2732602,66.46
-2731572,66.38
-2730542,66.27
-2729492,66.23
-2728292,66.31
-2727182,66.46
-2726112,66.42
-2725112,66.35
-2724062,66.23
-2722892,66.23
-2722002,66.42
-2721082,66.5
-2720022,66.46
-2718992,66.38
-2717912,66.27
-2716892,66.27
-2715842,66.42
-2714842,66.5
-2713782,66.46
-2712732,66.38
-2711692,66.27
-2710672,66.27
-2709632,66.42
-2708582,66.5
-2707532,66.5
-2706532,66.42
-2705482,66.31
-2704402,66.27
-2703392,66.42
-2702352,66.5
-2701342,66.46
-2700322,66.38
-2699282,66.27
-2698112,66.35
-2697122,66.46
-2696122,66.5
-2695032,66.46
-2694032,66.35
-2692892,66.27
-2691992,66.35
-2691032,66.5
-2689992,66.5
-2688902,66.46
-2687842,66.35
-2686842,66.31
-2685792,66.42
-2684782,66.54
-2683732,66.54
-2682682,66.46
-2681632,66.35
-2680622,66.31
-2679582,66.42
-2678532,66.54
-2677492,66.54
-2676402,66.46
-2675342,66.35
-2674322,66.31
-2673282,66.46
-2672242,66.54
-2671222,66.54
-2670182,66.46
-2669142,66.35
-2668012,66.35
-2666892,66.46
-2665812,66.58
-2664852,66.58
-2663832,66.5
-2662742,66.42
-2661822,66.35
-2660832,66.46
-2659842,66.58
-2658782,66.58
-2657712,66.5
-2656672,66.38
-2655632,66.35
-2654592,66.5
-2653532,66.62
-2652492,66.62
-2651402,66.54
-2650352,66.42
-2649322,66.35
-2648282,66.46
-2647232,66.58
-2646182,66.58
-2645132,66.5
-2644102,66.38
-2643092,66.35
-2642072,66.5
-2641032,66.62
-2639982,66.65
-2638742,66.58
-2637682,66.46
-2636652,66.38
-2635562,66.46
-2634542,66.62
-2633532,66.62
-2632482,66.54
-2631602,66.46
-2630582,66.38
-2629532,66.5
-2628482,66.62
-2627402,66.62
-2626392,66.58
-2625342,66.46
-2624332,66.38
-2623282,66.5
-2622232,66.62
-2621192,66.62
-2620172,66.58
-2619142,66.46
-2618092,66.38
-2617042,66.46
-2616022,66.62
-2614982,66.65
-2613892,66.58
-2612842,66.46
-2611832,66.38
-2610822,66.5
-2609782,66.62
-2608642,66.65
-2607672,66.58
-2606502,66.46
-2605512,66.38
-2604342,66.5
-2603342,66.65
-2602522,66.65
-2601572,66.62
-2600532,66.54
-2599492,66.42
-2598472,66.46
-2597362,66.62
-2596342,66.65
-2595332,66.62
-2594332,66.54
-2593322,66.42
-2592282,66.42
-2591232,66.62
-2590182,66.73
-2589132,66.69
-2588092,66.62
-2587032,66.5
-2585972,66.42
-2584882,66.58
-2583852,66.69
-2582832,66.69
-2581812,66.62
-2580782,66.5
-2579732,66.42
-2578632,66.54
-2577622,66.69
-2576582,66.69
-2575512,66.65
-2574482,66.54
-2573362,66.42
-2572282,66.54
-2571482,66.69
-2570402,66.73
-2569332,66.65
-2568322,66.58
-2567292,66.46
-2566232,66.54
-2565182,66.69
-2564142,66.73
-2563082,66.69
-2562032,66.58
-2560992,66.46
-2559912,66.5
-2558902,66.65
-2557842,66.73
-2556832,66.69
-2555792,66.62
-2554782,66.5
-2553742,66.46
-2552732,66.62
-2551722,66.73
-2550692,66.69
-2549632,66.62
-2548382,66.54
-2547392,66.46
-2546342,66.62
-2545352,66.73
-2544302,66.73
-2543262,66.65
-2542222,66.54
-2541362,66.5
-2540352,66.62
-2539332,66.73
-2538282,66.73
-2537232,66.69
-2536182,66.58
-2535132,66.5
-2534082,66.54
-2533032,66.69
-2531992,66.73
-2530972,66.69
-2529902,66.62
-2528892,66.5
-2527842,66.54
-2526832,66.69
-2525822,66.73
-2524782,66.69
-2523732,66.62
-2522722,66.54
-2521672,66.5
-2520622,66.69
-2519582,66.77
-2518312,66.73
-2517342,66.65
-2516272,66.54
-2515252,66.5
-2514242,66.65
-2513122,66.77
-2512132,66.77
-2511292,66.73
-2510292,66.62
-2509242,66.54
-2508232,66.54
-2507232,66.73
-2506182,66.77
-2505152,66.73
-2504132,66.65
-2503082,66.54
-2502032,66.54
-2500992,66.69
-2499902,66.77
-2498852,66.73
-2497842,66.69
-2496782,66.58
-2495732,66.54
-2494682,66.69
-2493632,66.77
-2492592,66.77
-2491552,66.69
-2490542,66.62
-2489532,66.5
-2488242,66.62
-2487252,66.77
-2486312,66.81
-2485202,66.73
-2484142,66.65
-2483092,66.54
-2482142,66.58
-2481192,66.73
-2480142,66.81
-2479092,66.77
-2478082,66.69
-2477042,66.58
-2476032,66.54
-2474982,66.69
-2473902,66.77
-2472852,66.77
-2471832,66.69
-2470792,66.62
-2469792,66.54
-2468772,66.65
-2467732,66.77
-2466682,66.77
-2465642,66.73
-2464582,66.62
-2463532,66.54
-2462492,66.62
-2461402,66.77
-2460342,66.81
-2459332,66.73
-2458182,66.65
-2457122,66.54
-2456082,66.62
-2455032,66.77
-2454082,66.81
-2453032,66.77
-2452012,66.69
-2451122,66.58
-2450082,66.58
-2449032,66.73
-2447982,66.81
-2446902,66.81
-2445832,66.73
-2444832,66.62
-2443782,66.58
-2442712,66.69
-2441682,66.81
-2440642,66.81
-2439572,66.73
-2438572,66.65
-2437522,66.58
-2436482,66.65
-2435472,66.81
-2434382,66.81
-2433302,66.73
-2432342,66.65
-2431292,66.58
-2430292,66.65
-2429242,66.81
-2428012,66.85
-2426882,66.81
-2425982,66.69
-2424982,66.62
-2423762,66.62
-2422802,66.81
-2421782,66.85
-2420892,66.85
-2419842,66.77
-2418832,66.65
-2417782,66.58
-2416732,66.73
-2415682,66.85
-2414632,66.85
-2413592,66.77
-2412532,66.65
-2411482,66.58
-2410402,66.73
-2409342,66.85
-2408322,66.88
-2407282,66.81
-2406242,66.73
-2405182,66.62
-2404132,66.65
-2403092,66.81
-2402042,66.88
-2400982,66.85
-2399912,66.77
-2398722,66.65
-2397692,66.62
-2396692,66.73
-2395662,66.88
-2394582,66.88
-2393572,66.81
-2392502,66.73
-2391642,66.62
-2390622,66.65
-2389582,66.81
-2388532,66.88
-2387482,66.88
-2386412,66.81
-2385392,66.69
-2384342,66.62
-2383332,66.73
-2382322,66.85
-2381282,66.85
-2380222,66.81
-2379192,66.69
-2378132,66.62
-2377082,66.73
-2376082,66.85
-2375032,66.85
-2373992,66.81
-2372902,66.69
-2371842,66.62
-2370832,66.69
-2369792,66.85
-2368632,66.85
-2367612,66.81
-2366592,66.73
-2365402,66.62
-2364542,66.69
-2363352,66.85
-2362312,66.92
-2361472,66.88
-2360402,66.81
-2359392,66.69
-2358342,66.65
-2357322,66.77
-2356282,66.88
-2355232,66.85
-2354222,66.81
-2353182,66.69
-2352132,66.62
-2351082,66.77
-2350042,66.88
-2349002,66.88
-2347982,66.81
-2346902,66.73
-2345892,66.62
-2344842,66.77
-2343822,66.88
-2342782,66.88
-2341742,66.85
-2340692,66.73
-2339632,66.65
-2338522,66.73
-2337362,66.85
-2336282,66.88
-2335292,66.81
-2334212,66.73
-2333282,66.65
-2332202,66.73
-2331332,66.88
-2330292,66.92
-2329232,66.85
-2328182,66.77
-2327132,66.65
-2326082,66.69
-2325032,66.85
-2323982,66.88
-2322912,66.85
-2321852,66.77
-2320852,66.65
-2319822,66.65
-2318822,66.81
-2317782,66.92
-2316782,66.88
-2315732,66.81
-2314692,66.73
-2313632,66.65
-2312632,66.77
-2311592,66.88
-2310522,66.88
-2309472,66.81
-2308302,66.73
-2307292,66.65
-2306202,66.77
-2305182,66.92
-2304152,66.96
-2303122,66.88
-2302082,66.81
-2301182,66.69
-2300172,66.65
-2299142,66.85
-2298092,66.92
-2297082,66.92
-2296032,66.88
-2294992,66.77
-2293972,66.69
-2292902,66.73
-2291852,66.88
-2290832,66.92
-2289782,66.88
-2288732,66.77
-2287682,66.69
-2286642,66.69
-2285622,66.85
-2284572,66.96
-2283532,66.92
-2282482,66.85
-2281472,66.77
-2280402,66.65
-2279332,66.77
-2278162,66.92
-2277112,66.96
-2276162,66.92
-2275072,66.85
-2274022,66.73
-2273002,66.69
-2272012,66.85
-2271082,66.92
-2270032,66.92
-2268982,66.85
-2267902,66.77
-2266832,66.69
-2265832,66.81
-2264792,66.92
-2263772,66.92
-2262732,66.88
-2261682,66.77
-2260642,66.69
-2259582,66.77
-2258532,66.92
-2257482,66.92
-2256472,66.88
-2255402,66.81
-2254342,66.69
-2253342,66.73
-2252332,66.88
-2251282,66.96
-2250222,66.96
-2249222,66.88
-2248082,66.77
-2247072,66.69
-2245912,66.81
-2244962,66.92
-2243942,66.96
-2242872,66.88
-2241862,66.81
-2240842,66.69
-2239822,66.58
-2238802,66.42
-2237792,66.31
-2236762,66.15
-2235742,66
-2234732,65.85
-2233712,65.69
-2232682,65.54
-2231672,65.38
-2230642,65.23
-2229622,65.08
-2228602,64.93
-2227582,64.79
-2226562,64.64
-2225542,64.5
-2224522,64.37
-2223502,64.23
-2222492,64.1
-2221472,64
-2220452,63.87
-2219432,63.73
-2218422,63.6
-2217402,63.5
-2216372,63.37
-2215352,63.23
-2214332,63.1
-2213312,63
-2212292,62.87
-2211272,62.77
-2210252,62.63
-2209232,62.53
-2208222,62.43
-2207192,62.3
-2206172,62.2
-2205142,62.07
-2204112,61.97
-2203102,61.87
-2202072,61.73
-2201052,61.63
-2200032,61.53
-2199012,61.43
-2197992,61.33
-2196972,61.23
-2195952,61.13
-2194932,61
-2193912,60.9
-2192892,60.8
-2191882,60.7
-2190872,60.6
-2189862,60.53
-2188832,60.4
-2187812,60.33
-2186792,60.23
-2185772,60.13
-2184762,60.03
-2183732,59.97
-2182712,59.88
-2181692,59.79
-2180672,59.71
-2179662,59.62
-2178642,59.56
-2177622,59.47
-2176602,59.38
-2175592,59.32
-2174572,59.24
-2173552,59.18
-2172542,59.09
-2171512,59.03
-2170502,58.94
-2169472,58.85
-2168452,58.79
-2167432,58.71
-2166422,58.65
-2165382,58.56
-2164352,58.5
-2163332,58.44
-2162322,58.35
-2161292,58.29
-2160272,58.21
-2159252,58.15
-2158232,58.09
-2157212,58
-2156192,57.94
-2155172,57.88
-2154152,57.82
-2153132,57.74
-2152122,57.68
-2151102,57.62
-2150082,57.56
-2149072,57.47
-2148062,57.41
-2147052,57.35
-2146032,57.29
-2145002,57.24
-2143982,57.18
-2142962,57.09
-2141942,57.03
-2140922,56.97
-2139912,56.91
-2138892,56.85
-2137872,56.79
-2136862,56.74
-2135852,56.68
-2134842,56.62
-2133842,56.56
-2132822,56.5
-2131792,56.44
-2130772,56.38
-2129762,56.32
-2128732,56.26
-2127712,56.21
-2126692,56.15
-2125672,56.09
-2124652,56.03
-2123642,55.97
-2122612,55.91
-2121592,55.85
-2120572,55.82
-2119552,55.76
-2118532,55.71
-2117512,55.65
-2116492,55.59
-2115472,55.53
-2114452,55.5
-2113432,55.44
-2112412,55.38
-2111402,55.32
-2110392,55.26
-2109362,55.21
-2108352,55.18
-2107322,55.12
-2106302,55.06
-2105282,55
-2104262,54.97
-2103252,54.92
-2102222,54.87
-2101182,54.82
-2100162,54.79
-2099142,54.74
-2098132,54.68
-2097102,54.63
-2096082,54.61
-2095072,54.55
-2094042,54.5
-2093022,54.47
-2092002,54.42
-2090982,54.39
-2089962,54.34
-2088942,54.29
-2087932,54.26
-2086902,54.21
-2085882,54.16
-2084872,54.13
-2083852,54.08
-2082832,54.05
-2081812,54
-2080792,53.95
-2079772,53.92
-2078752,53.87
-2077742,53.84
-2076722,53.79
-2075692,53.74
-2074662,53.71
-2073632,53.66
-2072622,53.63
-2071592,53.58
-2070582,53.55
-2069562,53.5
-2068532,53.48
-2067512,53.42
-2066502,53.4
-2065472,53.35
-2064452,53.33
-2063432,53.27
-2062412,53.25
-2061392,53.2
-2060372,53.17
-2059362,53.12
-2058332,53.1
-2057312,53.05
-2056292,53.02
-2055272,53
-2054252,52.95
-2053252,52.92
-2052232,52.87
-2051202,52.84
-2050182,52.82
-2049172,52.76
-2048142,52.74
-2047112,52.68
-2046082,52.66
-2045062,52.63
-2044042,52.58
-2043032,52.55
-2042002,52.5
-2040992,52.47
-2039972,52.45
-2038942,52.39
-2037932,52.37
-2036912,52.34
-2035892,52.29
-2034872,52.26
-2033852,52.21
-2032832,52.18
-2031832,52.16
-2030802,52.13
-2029782,52.08
-2028762,52.05
-2027742,52.03
-2026732,51.97
-2025702,51.95
-2024682,51.92
-2023662,51.87
-2022642,51.84
-2021622,51.82
-2020612,51.76
-2019592,51.74
-2018562,51.71
-2017542,51.68
-2016532,51.63
-2015502,51.61
-2014482,51.58
-2013462,51.53
-2012452,51.5
-2011422,51.47
-2010402,51.45
-2009382,51.39
-2008362,51.37
-2007332,51.34
-2006312,51.32
-2005292,51.29
-2004272,51.24
-2003252,51.21
-2002242,51.18
-2001212,51.16
-2000212,51.11
-1999182,51.08
-1998162,51.05
-1997152,51.03
-1996122,51
-1995102,50.95
-1994092,50.92
-1993062,50.9
-1992052,50.88
-1991032,50.85
-1990012,50.8
-1988982,50.77
-1987962,50.75
-1986942,50.73
-1985922,50.7
-1984902,50.67
-1983882,50.62
-1982862,50.6
-1981852,50.58
-1980822,50.55
-1979802,50.52
-1978782,50.5
-1977762,50.47
-1976742,50.42
-1975722,50.39
-1974712,50.37
-1973682,50.34
-1972662,50.32
-1971652,50.29
-1970622,50.26
-1969592,50.24
-1968582,50.18
-1967552,50.16
-1966532,50.13
-1965522,50.11
-1964492,50.08
-1963472,50.05
-1962452,50.03
-1961442,50
-1960412,49.98
-1959392,49.93
-1958372,49.91
-1957352,49.89
-1956342,49.86
-1955312,49.84
-1954292,49.82
-1953272,49.8
-1952252,49.77
-1951252,49.75
-1950222,49.73
-1949202,49.7
-1948192,49.68
-1947162,49.66
-1946142,49.61
-1945132,49.61
-1944102,49.57
-1943082,49.55
-1942062,49.52
-1941052,49.5
-1940032,49.48
-1939002,49.45
-1937992,49.43
-1936962,49.4
-1935952,49.38
-1934922,49.36
-1933902,49.33
-1932882,49.31
-1931852,49.29
-1930832,49.26
-1929812,49.24
-1928792,49.21
-1927772,49.19
-1926752,49.17
-1925732,49.14
-1924712,49.12
-1923702,49.1
-1922692,49.07
-1921662,49.05
-1920652,49.02
-1919622,49
-1918612,48.98
-1917582,48.95
-1916562,48.93
-1915552,48.91
-1914532,48.89
-1913512,48.86
-1912482,48.84
-1911462,48.82
-1910442,48.8
-1909422,48.77
-1908402,48.75
-1907382,48.73
-1906372,48.7
-1905342,48.68
-1904322,48.66
-1903302,48.64
-1902282,48.61
-1901262,48.59
-1900242,48.57
-1899222,48.55
-1898202,48.52
-1897182,48.52
-1896172,48.48
-1895152,48.48
-1894112,48.45
-1893092,48.43
-1892072,48.4
-1891052,48.38
-1890042,48.36
-1889012,48.33
-1887992,48.31
-1886972,48.29
-1885952,48.26
-1884942,48.24
-1883912,48.21
-1882892,48.19
-1881872,48.17
-1880862,48.14
-1879832,48.12
-1878812,48.12
-1877792,48.1
-1876772,48.07
-1875752,48.05
-1874732,48.02
-1873722,48
-1872702,47.98
-1871682,47.95
-1870662,47.93
-1869652,47.91
-1868622,47.91
-1867602,47.89
-1866592,47.86
-1865562,47.84
-1864542,47.82
-1863532,47.8
-1862512,47.77
-1861482,47.75
-1860462,47.73
-1859442,47.73
-1858422,47.7
-1857402,47.68
-1856372,47.66
-1855352,47.64
-1854342,47.61
-1853322,47.59
-1852312,47.57
-1851282,47.57
-1850262,47.55
-1849242,47.52
-1848222,47.5
-1847212,47.48
-1846182,47.45
-1845162,47.43
-1844152,47.4
-1843132,47.4
-1842102,47.38
-1841082,47.36
-1840072,47.33
-1839042,47.31
-1838022,47.29
-1837012,47.29
-1835982,47.26
-1834962,47.24
-1833952,47.21
-1832922,47.19
-1831902,47.17
-1830882,47.17
-1829872,47.14
-1828842,47.12
-1827822,47.1
-1826802,47.07
-1825782,47.05
-1824762,47.05
-1823742,47.02
-1822722,47
-1821702,46.98
-1820682,46.95
-1819662,46.93
-1818632,46.93
-1817622,46.91
-1816602,46.89
-1815582,46.86
-1814562,46.84
-1813542,46.84
-1812522,46.82
-1811502,46.8
-1810492,46.77
-1809462,46.75
-1808442,46.75
-1807432,46.73
-1806402,46.7
-1805382,46.68
-1804362,46.66
-1803342,46.66
-1802322,46.64
-1801302,46.61
-1800282,46.59
-1799272,46.57
-1798242,46.57
-1797222,46.55
-1796202,46.52
-1795182,46.5
-1794162,46.5
-1793142,46.48
-1792132,46.45
-1791102,46.43
-1790082,46.4
-1789062,46.4
-1788042,46.38
-1787022,46.38
-1786002,46.38
-1784992,46.38
-1783962,46.38
-1782942,46.36
-1781922,46.36
-1780472,46.36
-1779862,46.36
-1778842,46.36
-1777792,46.36
-1776772,46.36
-1775752,46.4
-1774712,46.5
-1773702,46.66
-1772672,46.86
-1771652,47.1
-1770632,47.38
-1769612,47.7
-1768592,48.02
-1767572,48.4
-1766552,48.77
-1765532,49.19
-1764512,49.59
-1763502,50.03
-1762472,50.47
-1761402,50.9
-1760342,51.16
-1759322,51.32
-1758282,51.39
-1757232,51.42
-1756222,51.45
-1755182,51.58
-1754132,51.79
-1753082,51.89
-1752032,51.92
-1751002,51.89
-1749912,51.87
-1748902,51.89
-1747842,52.05
-1746842,52.13
-1745832,52.16
-1744782,52.13
-1743732,52.11
-1742682,52.05
-1741632,52.16
-1740582,52.29
-1739542,52.32
-1738502,52.32
-1737412,52.26
-1736402,52.21
-1735352,52.16
-1734342,52.26
-1733292,52.39
-1732232,52.42
-1731182,52.39
-1730132,52.37
-1729122,52.29
-1728082,52.24
-1727032,52.16
-1725992,52.08
-1724912,52
-1723902,51.92
-1722852,51.84
-1721832,51.74
-1720832,51.66
-1719782,51.58
-1718772,51.5
-1717732,51.42
-1716692,51.34
-1715632,51.26
-1714562,51.21
-1713522,51.13
-1712522,51.08
-1711482,51.03
-1710392,51
-1709392,50.98
-1708322,50.95
-1707342,50.95
-1706272,50.95
-1705222,50.95
-1704222,50.95
-1703182,50.98
-1702152,51
-1701122,51.03
-1700042,51.05
-1699012,51.11
-1697992,51.13
-1696912,51.18
-1695892,51.24
-1694852,51.24
-1693842,51.24
-1692842,51.24
-1691792,51.24
-1690742,51.29
-1689732,51.29
-1688672,51.29
-1687682,51.26
-1686642,51.26
-1685582,51.32
-1684532,51.34
-1683532,51.32
-1682492,51.29
-1681482,51.29
-1680402,51.32
-1679342,51.34
-1678332,51.34
-1677282,51.29
-1676282,51.32
-1675232,51.34
-1674182,51.37
-1673132,51.34
-1672072,51.32
-1671032,51.32
-1669982,51.37
-1668912,51.37
-1667892,51.34
-1666892,51.32
-1665812,51.34
-1664832,51.37
-1663782,51.37
-1662712,51.34
-1661732,51.32
-1660692,51.34
-1659682,51.39
-1658632,51.39
-1657592,51.37
-1656522,51.32
-1655472,51.34
-1654472,51.39
-1653392,51.39
-1652342,51.37
-1651342,51.34
-1650282,51.32
-1649232,51.37
-1648182,51.39
-1647132,51.39
-1646092,51.34
-1645072,51.32
-1644032,51.37
-1642992,51.42
-1641972,51.39
-1640902,51.37
-1639852,51.34
-1638842,51.34
-1637782,51.39
-1636732,51.42
-1635692,51.39
-1634632,51.37
-1633632,51.34
-1632582,51.37
-1631532,51.42
-1630492,51.45
-1629402,51.42
-1628402,51.37
-1627342,51.34
-1626342,51.39
-1625332,51.42
-1624322,51.42
-1623292,51.39
-1622272,51.37
-1621242,51.34
-1620182,51.39
-1619182,51.45
-1618132,51.45
-1617082,51.39
-1616032,51.34
-1614992,51.37
-1613892,51.42
-1612832,51.45
-1611822,51.42
-1610792,51.39
-1609732,51.34
-1608692,51.37
-1607672,51.45
-1606632,51.45
-1605582,51.42
-1604532,51.39
-1603482,51.34
-1602402,51.37
-1601332,51.45
-1600332,51.47
-1599322,51.45
-1598292,51.39
-1597282,51.37
-1596222,51.37
-1595182,51.45
-1594142,51.47
-1593132,51.45
-1592132,51.39
-1591082,51.37
-1590072,51.37
-1589032,51.45
-1587982,51.47
-1586972,51.45
-1585892,51.42
-1584832,51.37
-1583822,51.37
-1582802,51.45
-1581772,51.45
-1580722,51.45
-1579692,51.39
-1578642,51.37
-1577582,51.39
-1576582,51.45
-1575532,51.47
-1574432,51.45
-1573472,51.42
-1572402,51.37
-1571342,51.37
-1570332,51.45
-1569292,51.47
-1568282,51.47
-1567232,51.45
-1566192,51.39
-1565172,51.37
-1564142,51.42
-1563092,51.47
-1562092,51.47
-1561042,51.45
-1560032,51.39
-1558982,51.37
-1557892,51.42
-1556832,51.47
-1555832,51.5
-1554782,51.47
-1553782,51.42
-1552732,51.37
-1551682,51.39
-1550672,51.47
-1549642,51.5
-1548582,51.47
-1547572,51.45
-1546542,51.39
-1545492,51.37
-1544492,51.45
-1543412,51.5
-1542392,51.5
-1541372,51.47
-1540332,51.42
-1539332,51.37
-1538282,51.39
-1537222,51.47
-1536182,51.5
-1535132,51.5
-1534082,51.45
-1533042,51.39
-1532032,51.37
-1530972,51.45
-1529862,51.5
-1528832,51.47
-1527842,51.45
-1526782,51.39
-1525742,51.37
-1524692,51.42
-1523672,51.5
-1522642,51.5
-1521592,51.47
-1520532,51.45
-1519482,51.39
-1518382,51.37
-1517332,51.45
-1516332,51.5
-1515322,51.5
-1514282,51.45
-1513232,51.42
-1512182,51.37
-1511142,51.42
-1510132,51.5
-1509072,51.5
-1508032,51.47
-1506992,51.45
-1505912,51.39
-1504892,51.37
-1503862,51.45
-1502832,51.53
-1501832,51.53
-1500782,51.5
-1499722,51.45
-1498722,51.39
-1497692,51.39
-1496632,51.47
-1495572,51.53
-1494542,51.53
-1493522,51.47
-1492482,51.45
-1491392,51.39
-1490392,51.39
-1489332,51.47
-1488322,51.5
-1487292,51.47
-1486222,51.45
-1485222,51.39
-1484182,51.37
-1483172,51.45
-1482132,51.5
-1481092,51.53
-1480042,51.5
-1479032,51.45
-1477992,51.39
-1476992,51.37
-1475912,51.45
-1474902,51.53
-1473832,51.55
-1472842,51.53
-1471782,51.47
-1470772,51.42
-1469732,51.37
-1468672,51.45
-1467622,51.53
-1466632,51.55
-1465572,51.53
-1464532,51.5
-1463492,51.45
-1462402,51.39
-1461432,51.39
-1460422,51.53
-1459392,51.71
-1458372,52.03
-1457352,52.42
-1456332,52.92
-1455312,53.48
-1454292,54.16
-1453272,54.92
-1452252,55.76
-1451242,56.74
-1450222,57.68
-1449192,58.71
-1448172,59.65
-1447162,60.8
-1446142,61.83
-1445112,62.97
-1443852,63.73
-1442872,64.2
-1441842,64.43
-1440792,64.57
-1439762,64.61
-1438782,64.89
-1437822,65.46
-1436902,65.77
-1435892,65.85
-1434842,65.85
-1433832,65.77
-1432792,65.77
-1431742,66.15
-1430732,66.46
-1429692,66.58
-1428672,66.54
-1427622,66.42
-1426592,66.31
-1425522,66.46
-1424482,66.77
-1423482,66.92
-1422392,66.92
-1421332,66.81
-1420282,66.65
-1419242,66.58
-1418222,66.88
-1417182,67.12
-1416142,67.15
-1415132,67.12
-1414002,66.96
-1412992,66.81
-1411982,66.81
-1410752,67.12
-1409792,67.35
-1408732,67.35
-1407772,67.23
-1406842,67.12
-1405832,66.96
-1404822,66.92
-1403792,67.23
-1402772,67.38
-1401732,67.38
-1400682,67.31
-1399672,67.19
-1398632,67
-1397592,67.04
-1396542,67.31
-1395492,67.46
-1394402,67.42
-1393402,67.31
-1392362,67.19
-1391322,67.04
-1390292,67.23
-1389292,67.46
-1388232,67.54
-1387192,67.5
-1386172,67.38
-1385132,67.23
-1383992,67.08
-1382812,66.88
-1381782,66.69
-1380852,66.46
-1379832,66.27
-1378722,66.08
-1377792,65.85
-1376842,65.69
-1375832,65.5
-1374792,65.35
-1373732,65.15
-1372692,65.04
-1371632,64.93
-1370622,64.82
-1369582,64.75
-1368532,64.68
-1367492,64.64
-1366412,64.64
-1365402,64.61
-1364392,64.64
-1363342,64.64
-1362322,64.71
-1361282,64.79
-1360232,64.86
-1359182,64.93
-1358122,65.04
-1357132,65.15
-1356092,65.27
-1354882,65.38
-1353762,65.54
-1352692,65.69
-1351732,65.81
-1350752,65.81
-1349682,65.77
-1348652,65.81
-1347762,65.88
-1346722,66
-1345682,66
-1344632,65.96
-1343582,65.92
-1342542,65.96
-1341532,66.08
-1340522,66.12
-1339492,66.08
-1338482,66
-1337402,66
-1336332,66.08
-1335342,66.15
-1334292,66.15
-1333282,66.08
-1332232,66.04
-1331182,66.12
-1330172,66.23
-1329132,66.19
-1328082,66.12
-1327042,66.08
-1325982,66.15
-1324792,66.23
-1323752,66.27
-1322792,66.19
-1321672,66.12
-1320632,66.15
-1319622,66.27
-1318542,66.27
-1317652,66.19
-1316622,66.15
-1315582,66.19
-1314542,66.27
-1313492,66.31
-1312412,66.23
-1311402,66.15
-1310392,66.19
-1309352,66.31
-1308342,66.31
-1307322,66.27
-1306292,66.19
-1305272,66.19
-1304232,66.31
-1303182,66.35
-1302132,66.31
-1301082,66.19
-1300072,66.23
-1299032,66.31
-1297992,66.38
-1296902,66.35
-1295832,66.23
-1294732,66.23
-1293732,66.31
-1292562,66.38
-1291582,66.35
-1290572,66.27
-1289542,66.23
-1288582,66.31
-1287622,66.42
-1286582,66.38
-1285572,66.31
-1284532,66.23
-1283492,66.27
-1282402,66.42
-1281332,66.46
-1280332,66.38
-1279292,66.31
-1278242,66.27
-1277232,66.38
-1276192,66.46
-1275182,66.46
-1274172,66.38
-1273132,66.31
-1272082,66.31
-1271032,66.42
-1269992,66.5
-1268892,66.46
-1267822,66.35
-1266832,66.31
-1265792,66.38
-1264562,66.5
-1263652,66.5
-1262622,66.42
-1261602,66.35
-1260502,66.35
-1259382,66.46
-1258392,66.5
-1257472,66.46
-1256402,66.35
-1255392,66.35
-1254342,66.46
-1253332,66.5
-1252282,66.5
-1251232,66.38
-1250182,66.35
-1249132,66.42
-1248122,66.54
-1247092,66.54
-1246032,66.46
-1245022,66.35
-1243982,66.38
-1242902,66.5
-1241832,66.54
-1240852,66.5
-1239822,66.42
-1238782,66.35
-1237742,66.46
-1236722,66.58
-1235692,66.58
-1234542,66.5
-1233542,66.42
-1232342,66.38
-1231332,66.54
-1230292,66.62
-1229282,66.58
-1228262,66.5
-1227412,66.38
-1226392,66.42
-1225362,66.54
-1224352,66.62
-1223342,66.58
-1222332,66.5
-1221322,66.42
-1220282,66.46
-1219232,66.62
-1218222,66.65
-1217182,66.62
-1216132,66.54
-1215082,66.42
-1214032,66.46
-1212992,66.62
-1211902,66.65
-1210832,66.62
-1209822,66.54
-1208792,66.42
-1207732,66.5
-1206682,66.65
-1205632,66.69
-1204522,66.62
-1203342,66.54
-1202312,66.46
-1201302,66.54
-1200192,66.69
-1199182,66.69
-1198252,66.65
-1197352,66.54
-1196332,66.46
-1195322,66.58
-1194282,66.69
-1193242,66.69
-1192172,66.62
-1191172,66.5
-1190142,66.46
-1189082,66.58
-1188032,66.69
-1186992,66.69
-1185982,66.65
-1184902,66.54
-1183822,66.5
-1182832,66.62
-1181782,66.73
-1180712,66.69
-1179722,66.62
-1178682,66.5
-1177612,66.54
-1176582,66.65
-1175532,66.77
-1174312,66.73
-1173272,66.65
-1172222,66.54
-1171282,66.5
-1170282,66.62
-1169192,66.77
-1168112,66.77
-1167332,66.69
-1166292,66.62
-1165232,66.5
-1164182,66.62
-1163162,66.73
-1162152,66.77
-1161092,66.69
-1160082,66.62
-1159042,66.5
-1158032,66.58
-1156982,66.73
-1155902,66.73
-1154832,66.69
-1153832,66.62
-1152782,66.54
-1151732,66.62
-1150692,66.77
-1149632,66.77
-1148592,66.73
-1147552,66.62
-1146532,66.54
-1145492,66.62
-1144242,66.77
-1143242,66.77
-1142162,66.73
-1141102,66.62
-1140122,66.54
-1139132,66.65
-1138122,66.77
-1137132,66.81
-1136092,66.77
-1135042,66.65
-1134032,66.58
-1132992,66.62
-1131992,66.77
-1130972,66.85
-1129902,66.81
-1128832,66.73
-1127832,66.62
-1126782,66.58
-1125732,66.73
-1124692,66.85
-1123682,66.81
-1122642,66.77
-1121582,66.65
-1120572,66.58
-1119532,66.69
-1118492,66.81
-1117482,66.81
-1116402,66.73
-1115392,66.65
-1114122,66.58
-1113102,66.69
-1112122,66.81
-1111082,66.85
-1110142,66.77
-1109012,66.69
-1108012,66.58
-1107122,66.65
-1106092,66.81
-1105032,66.85
-1103982,66.81
-1102912,66.73
-1101892,66.62
-1100882,66.62
-1099832,66.81
-1098832,66.85
-1097792,66.85
-1096772,66.77
-1095732,66.65
-1094682,66.62
-1093632,66.73
-1092602,66.85
-1091572,66.85
-1090532,66.77
-1089492,66.65
-1088402,66.62
-1087352,66.73
-1086332,66.85
-1085292,66.85
-1084092,66.77
-1083012,66.65
-1082072,66.62
-1081082,66.73
-1079862,66.85
-1078982,66.85
-1077822,66.77
-1077012,66.65
-1075992,66.62
-1074982,66.77
-1073912,66.88
-1072892,66.88
-1071882,66.81
-1070842,66.73
-1069842,66.62
-1068782,66.73
-1067772,66.85
-1066732,66.88
-1065682,66.85
-1064682,66.77
-1063632,66.65
-1062582,66.69
-1061542,66.85
-1060522,66.92
-1059482,66.88
-1058472,66.81
-1057402,66.69
-1056332,66.65
-1055332,66.81
-1054202,66.88
-1053202,66.88
-1052172,66.85
-1051092,66.73
-1050072,66.65
-1049022,66.77
-1048052,66.88
-1047122,66.88
-1046092,66.85
-1045042,66.73
-1043992,66.65
-1042912,66.77
-1041892,66.88
-1040852,66.92
-1039822,66.88
-1038782,66.77
-1037702,66.69
-1036672,66.73
-1035642,66.88
-1034592,66.96
-1033582,66.92
-1032542,66.85
-1031482,66.73
-1030392,66.69
-1029382,66.85
-1028342,66.96
-1027342,66.96
-1026332,66.88
-1025322,66.81
-1024112,66.69
-1023092,66.77
-1022112,66.92
-1021032,66.96
-1020082,66.92
-1019062,66.85
-1017992,66.77
-1017082,66.69
-1016032,66.81
-1014982,66.96
-1013902,66.96
-1012852,66.88
-1011832,66.81
-1010842,66.69
-1009792,66.73
-1008772,66.92
-1007732,66.96
-1006722,66.92
-1005682,66.85
-1004642,66.73
-1003582,66.69
-1002532,66.85
-1001482,66.96
-1000402,66.96
-999352,66.88
-998332,66.77
-997282,66.69
-996282,66.77
-995232,66.92
-994072,66.92
-992842,66.88
-991862,66.77
-990812,66.69
-989742,66.81
-988772,66.92
-987742,66.92
-986832,66.88
-985792,66.81
-984772,66.69
-983732,66.77
-982692,66.92
-981682,66.96
-980652,66.88
-979622,66.81
-978592,66.73
-977542,66.77
-976472,66.92
-975392,67
-974322,66.96
-973332,66.88
-972272,66.77
-971222,66.73
-970182,66.85
-969182,66.96
-968152,67
-967092,66.92
-966092,66.85
-965052,66.73
-963782,66.73
-962822,66.92
-961772,67
-960712,66.96
-959812,66.92
-958692,66.81
-957722,66.73
-956832,66.81
-955832,66.96
-954772,67
-953732,66.96
-952692,66.88
-951632,66.77
-950622,66.73
-949592,66.88
-948532,67
-947492,67
-946412,66.92
-945392,66.85
-944392,66.73
-943342,66.81
-942342,66.96
-941332,67
-940322,66.96
-939282,66.92
-938232,66.81
-937222,66.73
-936182,66.85
-935172,67
-934012,67
-932992,66.96
-931972,66.85
-930802,66.77
-929802,66.81
-928782,66.96
-927812,67.04
-926832,67
-925842,66.92
-924842,66.85
-923782,66.77
-922732,66.85
-921682,66.96
-920642,67
-919632,66.92
-918582,66.85
-917532,66.77
-916482,66.85
-915402,66.96
-914352,67
-913332,66.96
-912322,66.85
-911272,66.77
-910232,66.81
-909182,66.96
-908172,67.04
-907132,67
-906122,66.92
-905082,66.85
-903872,66.77
-902852,66.88
-901752,67
-900792,67
-899752,66.92
-898692,66.85
-897772,66.77
-896852,66.85
-895822,66.96
-894782,67
-893742,66.92
-892732,66.85
-891692,66.77
-890682,66.81
-889682,66.96
-888632,67
-887622,67
-886582,66.92
-885532,66.81
-884522,66.77
-883482,66.88
-882392,67
-881352,67.04
-880352,66.96
-879342,66.88
-878282,66.77
-877272,66.81
-876232,67
-875182,67.04
-874012,67
-873012,66.92
-872002,66.85
-870912,66.77
-869832,66.88
-868772,67.04
-867912,67.04
-866992,67
-865912,66.92
-864892,66.81
-863842,66.81
-862832,66.96
-861792,67.04
-860782,67
-859782,66.92
-858732,66.81
-857692,66.77
-856632,66.92
-855592,67
-854532,67
-853482,66.92
-852412,66.85
-851392,66.77
-850362,66.92
-849332,67
-848322,67.04
-847292,66.96
-846282,66.88
-845242,66.81
-844072,66.85
-842862,67
-841872,67.04
-840842,67
-839772,66.92
-838792,66.85
-837782,66.81
-836902,66.96
-835832,67.08
-834832,67.08
-833792,67
-832732,66.92
-831682,66.81
-830632,66.85
-829622,67.04
-828572,67.08
-827532,67.08
-826492,67
-825402,66.88
-824392,66.81
-823342,66.88
-822342,67.08
-821282,67.12
-820282,67.08
-819232,67
-818182,66.88
-817162,66.81
-816132,66.92
-815122,67.08
-813882,67.08
-812842,67.04
-811802,66.96
-810752,66.85
-809792,66.81
-808732,66.96
-807802,67.08
-806852,67.08
-805832,67.04
-804832,66.96
-803822,66.85
-802782,66.85
-801732,67
-800682,67.08
-799632,67.08
-798622,67
-797572,66.92
-796532,66.81
-795532,66.88
-794482,67.04
-793392,67.08
-792332,67.04
-791332,66.96
-790292,66.85
-789232,66.85
-788232,67
-787182,67.08
-786132,67.08
-785082,67.04
-783992,66.92
-782992,66.85
-781782,66.88
-780822,67.04
-779772,67.08
-778662,67.08
-777782,67
-776782,66.88
-775722,66.81
-774692,66.96
-773632,67.08
-772592,67.08
-771532,67
-770522,66.92
-769492,66.81
-768402,66.85
-767392,67.04
-766342,67.08
-765332,67.08
-764292,67
-763242,66.92
-762232,66.81
-761192,66.92
-760182,67.04
-759132,67.08
-758082,67.04
-757072,66.96
-756032,66.88
-755022,66.85
-753792,66.96
-752702,67.08
-751632,67.04
-750602,67
-749572,66.88
-748522,66.85
-747622,66.96
-746582,67.08
-745572,67.08
-744532,67.04
-743532,66.92
-742482,66.85
-741392,66.88
-740332,67.04
-739332,67.12
-738282,67.08
-737222,67
-736182,66.88
-735142,66.85
-734132,66.96
-733082,67.08
-732032,67.12
-731022,67.08
-729982,67
-728892,66.88
-727862,66.88
-726822,67.04
-725842,67.08
-724732,67.08
-723622,67
-722692,66.92
-721512,66.85
-720642,66.92
-719562,67.08
-718542,67.12
-717632,67.08
-716592,67
-715572,66.88
-714512,66.85
-713492,66.96
-712472,67.12
-711402,67.12
-710392,67.08
-709312,66.96
-708312,66.88
-707292,66.85
-706222,67.04
-705222,67.12
-704192,67.12
-703132,67.04
-702092,66.96
-701042,66.85
-700002,66.88
-698982,67.08
-697972,67.12
-696902,67.12
-695842,67.04
-694612,66.92
-693642,66.85
-692592,66.92
-691552,67.08
-690602,67.12
-689512,67.08
-688502,67
-687632,66.92
-686622,66.81
-685602,66.69
-684582,66.54
-683562,66.42
-682542,66.27
-681522,66.15
-680502,66
-679482,65.85
-678462,65.73
-677432,65.58
-676422,65.42
-675392,65.27
-674382,65.15
-673352,65
-672332,64.86
-671322,64.75
-670292,64.61
-669282,64.47
-668252,64.37
-667232,64.23
-666212,64.13
-665192,64
-664162,63.9
-663142,63.77
-662132,63.67
-661122,63.57
-660102,63.43
-659072,63.33
-658062,63.23
-657042,63.13
-656022,63
-655002,62.9
-653972,62.8
-652962,62.7
-651942,62.6
-650912,62.5
-649892,62.4
-648872,62.3
-647852,62.2
-646832,62.1
-645812,62
-644792,61.9
-643772,61.8
-642752,61.7
-641732,61.6
-640712,61.5
-639702,61.43
-638672,61.33
-637652,61.23
-636652,61.13
-635622,61.07
-634602,60.97
-633582,60.87
-632562,60.8
-631542,60.7
-630522,60.63
-629512,60.53
-628482,60.43
-627452,60.37
-626432,60.27
-625412,60.2
-624392,60.1
-623372,60.03
-622362,59.97
-621332,59.88
-620312,59.82
-619292,59.74
-618252,59.68
-617242,59.62
-616212,59.53
-615192,59.47
-614182,59.41
-613162,59.32
-612132,59.26
-611112,59.21
-610092,59.15
-609082,59.06
-608052,59
-607042,58.94
-606012,58.88
-604992,58.82
-603982,58.76
-602962,58.68
-601942,58.62
-600892,58.56
-599882,58.5
-598852,58.44
-597842,58.38
-596822,58.32
-595792,58.26
-594772,58.21
-593762,58.15
-592732,58.09
-591712,58.03
-590702,57.97
-589672,57.91
-588652,57.85
-587642,57.79
-586622,57.74
-585592,57.68
-584582,57.62
-583552,57.56
-582532,57.5
-581502,57.44
-580472,57.38
-579452,57.35
-578432,57.29
-577422,57.24
-576392,57.18
-575372,57.12
-574322,57.06
-573282,57.03
-572252,56.97
-571232,56.91
-570222,56.85
-569192,56.79
-568172,56.76
-567162,56.71
-566132,56.65
-565122,56.62
-564092,56.56
-563072,56.5
-562052,56.44
-561032,56.41
-560022,56.35
-558992,56.29
-557982,56.26
-556952,56.21
-555932,56.15
-554922,56.12
-553892,56.06
-552882,56
-551852,55.97
-550832,55.91
-549822,55.88
-548802,55.82
-547782,55.76
-546762,55.74
-545732,55.68
-544722,55.65
-543692,55.59
-542682,55.56
-541662,55.5
-540642,55.44
-539612,55.41
-538592,55.35
-537582,55.32
-536552,55.26
-535532,55.24
-534502,55.18
-533482,55.15
-532452,55.09
-531432,55.06
-530412,55
-529392,54.97
-528372,54.92
-527352,54.89
-526332,54.84
-525312,54.82
-524292,54.79
-523272,54.74
-522252,54.71
-521232,54.66
-520212,54.63
-519202,54.58
-518172,54.55
-517162,54.5
-516142,54.47
-515122,54.45
-514092,54.39
-513082,54.37
-512052,54.32
-511042,54.29
-510022,54.26
-509002,54.21
-507972,54.18
-506942,54.16
-505912,54.11
-504892,54.08
-503872,54.03
-502852,54
-501832,53.97
-500812,53.92
-499792,53.89
-498772,53.87
-497752,53.82
-496742,53.79
-495712,53.76
-494692,53.71
-493672,53.68
-492652,53.66
-491642,53.61
-490612,53.58
-489602,53.55
-488582,53.53
-487562,53.48
-486532,53.45
-485522,53.42
-484502,53.4
-483482,53.35
-482462,53.33
-481442,53.3
-480422,53.27
-479372,53.23
-478362,53.2
-477332,53.17
-476322,53.12
-475292,53.1
-474272,53.08
-473262,53.05
-472232,53
-471212,52.97
-470192,52.95
-469172,52.92
-468162,52.89
-467132,52.84
-466112,52.82
-465102,52.79
-464072,52.76
-463052,52.74
-462032,52.68
-461012,52.66
-459992,52.63
-458972,52.61
-457962,52.58
-456942,52.55
-455922,52.5
-454892,52.47
-453882,52.45
-452842,52.42
-451822,52.39
-450792,52.34
-449772,52.32
-448762,52.29
-447742,52.26
-446712,52.24
-445702,52.21
-444672,52.18
-443652,52.13
-442632,52.11
-441612,52.08
-440592,52.05
-439572,52.03
-438562,52
-437532,51.97
-436512,51.92
-435492,51.89
-434482,51.87
-433462,51.84
-432432,51.82
-431412,51.79
-430392,51.76
-429382,51.74
-428362,51.71
-427342,51.68
-426322,51.63
-425292,51.61
-424272,51.58
-423252,51.55
-422242,51.53
-421212,51.5
-420192,51.47
-419182,51.45
-418162,51.42
-417142,51.39
-416122,51.37
-415092,51.34
-414072,51.32
-413062,51.26
-412042,51.24
-411022,51.21
-410002,51.18
-408992,51.16
-407962,51.13
-406942,51.11
-405922,51.08
-404902,51.05
-403882,51.03
-402872,51
-401852,50.98
-400832,50.95
-399812,50.92
-398792,50.9
-397772,50.88
-396752,50.85
-395732,50.83
-394712,50.8
-393692,50.77
-392672,50.75
-391652,50.73
-390622,50.7
-389602,50.67
-388582,50.65
-387562,50.62
-386532,50.6
-385502,50.58
-384482,50.55
-383462,50.52
-382442,50.5
-381422,50.47
-380412,50.45
-379382,50.42
-378362,50.39
-377342,50.37
-376322,50.34
-375302,50.32
-374282,50.29
-373262,50.26
-372242,50.24
-371232,50.21
-370222,50.18
-369202,50.16
-368172,50.13
-367162,50.11
-366142,50.08
-365112,50.05
-364102,50.03
-363082,50
-362062,49.98
-361032,49.95
-360022,49.93
-358982,49.91
-357962,49.91
-356932,49.89
-355912,49.86
-354892,49.84
-353872,49.82
-352852,49.8
-351832,49.77
-350812,49.75
-349792,49.73
-348772,49.7
-347762,49.68
-346732,49.66
-345712,49.64
-344702,49.61
-343682,49.61
-342652,49.59
-341642,49.57
-340622,49.55
-339602,49.52
-338582,49.5
-337552,49.48
-336532,49.45
-335512,49.43
-334502,49.4
-333472,49.38
-332462,49.38
-331412,49.36
-330402,49.33
-329372,49.31
-328352,49.29
-327342,49.26
-326312,49.24
-325302,49.21
-324272,49.19
-323252,49.19
-322232,49.17
-321212,49.14
-320192,49.12
-319172,49.1
-318162,49.07
-317152,49.05
-316122,49.02
-315102,49
-314092,49
-313072,48.98
-312042,48.95
-311032,48.93
-310012,48.91
-308992,48.89
-307972,48.86
-306942,48.84
-305922,48.84
-304912,48.82
-303892,48.8
-302872,48.77
-301842,48.75
-300822,48.73
-299802,48.7
-298792,48.7
-297762,48.68
-296742,48.66
-295722,48.64
-294702,48.61
-293682,48.59
-292652,48.59
-291632,48.57
-290622,48.55
-289592,48.52
-288572,48.5
-287552,48.48
-286542,48.48
-285522,48.45
-284492,48.43
-283472,48.4
-282452,48.38
-281442,48.36
-280412,48.36
-279392,48.33
-278382,48.31
-277352,48.29
-276342,48.26
-275322,48.24
-274302,48.24
-273272,48.21
-272252,48.19
-271232,48.17
-270212,48.14
-269192,48.14
-268182,48.12
-267152,48.1
-266132,48.07
-265112,48.05
-264082,48.05
-263062,48.02
-262042,48
-261022,47.98
-260002,47.95
-258982,47.93
-257972,47.93
-256952,47.91
-255922,47.89
-254902,47.86
-253892,47.86
-252872,47.84
-251852,47.82
-250792,47.8
-249782,47.77
-248762,47.77
-247742,47.75
-246712,47.73
-245702,47.7
-244682,47.7
-243652,47.68
-242642,47.66
-241622,47.64
-240602,47.61
-239582,47.61
-238552,47.59
-237532,47.57
-236512,47.55
-235502,47.55
-234472,47.52
-233452,47.5
-232432,47.48
-231412,47.48
-230392,47.45
-229372,47.43
-228352,47.4
-227332,47.4
-226322,47.38
-225292,47.36
-224272,47.33
-223262,47.31
-222232,47.31
-221212,47.29
-220192,47.26
-219182,47.24
-218152,47.24
-217132,47.21
-216122,47.19
-215092,47.17
-214062,47.17
-213042,47.14
-212012,47.12
-211002,47.12
-209972,47.1
-208952,47.07
-207932,47.05
-206912,47.05
-205902,47.02
-204872,47
-203852,46.98
-202832,46.98
-201812,46.95
-200792,46.93
-199772,46.91
-198752,46.91
-197732,46.89
-196712,46.86
-195702,46.86
-194672,46.84
-193652,46.82
-192642,46.8
-191622,46.8
-190602,46.77
-189572,46.75
-188562,46.73
-187542,46.73
-186502,46.7
-185482,46.68
-184452,46.68
-183442,46.66
-182412,46.64
-181392,46.61
-180372,46.61
-179362,46.59
-178342,46.57
-177312,46.57
-176302,46.55
-175272,46.52
-174252,46.52
-173242,46.5
-172222,46.48
-171212,46.48
-170192,46.45
-169162,46.43
-168142,46.43
-167122,46.43
-166102,46.43
-165092,46.43
-164062,46.4
-163052,46.4
-162032,46.4
-161012,46.4
-159992,46.4
-158962,46.4
-157952,46.38
-156922,46.38
-155902,46.38
-154882,46.38
-153872,46.38
-152852,46.38
-151822,46.38
-150802,46.38
-149782,46.38
-148762,46.38
-147732,46.36
-146712,46.36
-145692,46.36
-144672,46.38
-143652,46.38
-142632,46.38
-141612,46.36
-140602,46.36
-139592,46.36
-138562,46.36
-137542,46.36
-136532,46.36
-135512,46.33
-134492,46.33
-133472,46.36
-132442,46.36
-131422,46.36
-130412,46.33
-129382,46.33
-128372,46.33
-127342,46.36
-126322,46.36
-125302,46.36
-124292,46.33
-123262,46.33
-122252,46.33
-121202,46.36
-120182,46.36
-119162,46.36
-118142,46.33
-117122,46.33
-116102,46.31
-115092,46.33
-114062,46.33
-113042,46.33
-112022,46.33
-111002,46.31
-109982,46.31
-108962,46.33
-107952,46.33
-106922,46.33
-105912,46.33
-104902,46.31
-103872,46.31
-102862,46.31
-101842,46.33
-100822,46.33
-99802,46.33
-98772,46.31
-97762,46.29
-96732,46.29
-95712,46.31
-94692,46.33
-93652,46.31
-92642,46.31
-91612,46.29
-90592,46.29
-89572,46.31
-88552,46.33
-87532,46.33
-86512,46.31
-85492,46.31
-84472,46.29
-83452,46.29
-82432,46.31
-81412,46.31
-80392,46.31
-79372,46.31
-78352,46.29
-77342,46.26
-76322,46.29
-75292,46.31
-74272,46.31
-73042,46.31
-71672,46.29
-70992,46.26
-69962,46.26
-68912,46.29
-67802,46.31
-66802,46.31
-65772,46.31
-64742,46.29
-63722,46.26
-62712,46.26
-61682,46.29
-60642,46.31
-59622,46.31
-58602,46.29
-57582,46.29
-56572,46.26
-55542,46.24
-54532,46.29
-53512,46.31
-52482,46.31
-51462,46.29
-50452,46.29
-49432,46.26
-48402,46.24
-47382,46.26
-46362,46.29
-45342,46.31
-44322,46.29
-43302,46.29
-42282,46.26
-41262,46.24
-40242,46.24
-39222,46.29
-38212,46.29
-37192,46.29
-36172,46.26
-35152,46.26
-34112,46.24
-33092,46.24
-32082,46.29
-31072,46.29
-30042,46.29
-29022,46.29
-28002,46.26
-26992,46.24
-25962,46.24
-24942,46.26
-23922,46.29
-22902,46.29
-21892,46.29
-20862,46.26
-19852,46.24
-18822,46.21
-17802,46.24
-16782,46.29
-15762,46.29
-14752,46.29
-13752,46.26
-12722,46.24
-11702,46.24
-10682,46.21
-9672,46.24
-8642,46.29
-7622,46.29
-6612,46.26
-5582,46.26
-4562,46.24
-3542,46.21
-2522,46.24
-1232,46.26
38,46.29
88858,46.19
89878,46.17
90908,46.17
91918,46.17
92958,46.21
93968,46.21
95128,46.19
96188,46.17
97218,46.19
98238,46.24
99258,46.36
100288,46.5
101308,46.73
102318,46.98
103348,47.26
104368,47.59
105388,47.93
106398,48.33
107438,48.73
108458,49.17
109468,49.59
110488,50.05
111508,50.52
112528,51
113598,51.34
114678,51.53
115648,51.61
116698,51.66
117758,51.68
118768,51.84
119798,52.05
120888,52.16
121918,52.18
122938,52.16
123968,52.13
125008,52.18
126078,52.37
127138,52.45
128158,52.47
129198,52.42
130248,52.37
131308,52.34
132318,52.5
133348,52.61
134398,52.63
135448,52.63
136508,52.58
137508,52.5
138588,52.47
139638,52.63
140658,52.74
141708,52.74
142718,52.71
143758,52.66
144808,52.61
145858,52.53
146908,52.42
147918,52.34
148968,52.24
150008,52.16
151088,52.05
152108,51.95
153138,51.84
154168,51.76
155198,51.68
156248,51.58
157308,51.5
158358,51.42
159368,51.37
160408,51.32
161458,51.26
162498,51.24
163508,51.21
164588,51.18
165628,51.18
166648,51.18
167658,51.18
168708,51.21
169748,51.24
170808,51.29
171808,51.32
172858,51.37
173898,51.42
174978,51.47
175958,51.53
177068,51.55
178118,51.55
179148,51.55
180178,51.58
181198,51.61
182208,51.63
183248,51.61
184298,51.58
185348,51.61
186358,51.63
187398,51.66
188458,51.66
189508,51.61
190588,51.63
191608,51.66
192648,51.68
193658,51.68
194698,51.63
195748,51.63
196768,51.68
197798,51.71
198858,51.68
199908,51.66
200918,51.66
201958,51.71
203008,51.71
204078,51.71
205088,51.66
206118,51.66
207148,51.71
208158,51.74
209198,51.71
210218,51.68
211258,51.66
212318,51.71
213348,51.76
214398,51.74
215458,51.71
216508,51.66
217518,51.71
218598,51.76
219648,51.76
220658,51.71
221718,51.68
222758,51.68
223798,51.76
224808,51.76
225858,51.76
226868,51.71
227898,51.68
228938,51.74
229948,51.76
230968,51.76
231998,51.71
233108,51.68
234178,51.74
235148,51.79
236158,51.79
237198,51.76
238288,51.71
239298,51.71
240348,51.79
241358,51.79
242398,51.76
243398,51.74
244458,51.71
245508,51.76
246578,51.82
247598,51.82
248608,51.76
249658,51.74
250668,51.71
251698,51.79
252758,51.84
253798,51.82
254848,51.79
255858,51.74
256908,51.74
257918,51.79
258958,51.84
260008,51.84
261088,51.82
262118,51.76
263148,51.74
264158,51.79
265158,51.84
266218,51.84
267248,51.82
268298,51.76
269358,51.74
270368,51.79
271398,51.84
272448,51.84
273498,51.82
274598,51.76
275618,51.74
276638,51.82
277658,51.87
278668,51.87
279708,51.84
280758,51.79
281798,51.74
282858,51.79
283868,51.87
284898,51.87
285958,51.84
286998,51.79
288078,51.74
289108,51.79
290148,51.87
291158,51.87
292208,51.84
293208,51.82
294258,51.76
295308,51.79
296348,51.87
297398,51.87
298418,51.84
299478,51.82
300498,51.76
301518,51.79
302638,51.87
303668,51.87
304648,51.87
305738,51.82
306708,51.76
307758,51.76
308808,51.87
309858,51.89
310898,51.87
311918,51.84
312968,51.79
313998,51.76
315128,51.87
316158,51.92
317158,51.92
318218,51.87
319258,51.82
320258,51.79
321308,51.79
322358,51.89
323398,51.92
324408,51.89
325448,51.84
326498,51.79
327588,51.76
328618,51.84
329648,51.89
330638,51.92
331648,51.89
332708,51.84
333708,51.79
334758,51.79
335808,51.89
336848,51.92
337908,51.92
338918,51.87
339958,51.82
340968,51.79
342008,51.84
343088,51.89
344138,51.92
345168,51.89
346218,51.84
347268,51.79
348308,51.79
349348,51.89
350368,51.95
351408,51.95
352468,51.89
353508,51.84
354588,51.79
355608,51.82
356648,51.89
357658,51.95
358708,51.95
359708,51.92
360768,51.87
361818,51.82
362858,51.82
363918,51.89
364958,51.95
366008,51.95
367008,51.92
368098,51.87
369178,51.82
370158,51.82
371198,51.89
372238,51.95
373248,51.95
374298,51.89
375318,51.87
376348,51.82
377398,51.82
378448,51.92
379498,51.95
380618,51.95
381658,51.89
382668,51.84
383698,51.82
384748,51.84
385748,51.92
386798,51.95
387858,51.92
388868,51.87
389918,51.82
390948,51.79
392008,51.87
393008,51.95
394098,51.97
395148,51.95
396158,51.89
397168,51.84
398208,51.79
399248,51.87
400308,51.95
401358,51.97
402368,51.95
403408,51.92
404458,51.87
405508,51.82
406588,51.84
407638,51.95
408648,51.97
409708,51.97
410758,51.92
411798,51.87
412838,51.82
413868,51.84
414888,51.95
415898,52.18
416928,52.47
417938,52.89
418968,53.35
419978,53.97
420988,54.61
422018,55.41
423038,56.24
424058,57.21
425078,58.12
426088,59.12
427108,60.07
428118,61.2
429148,62.23
430238,63.3
431368,64.03
432348,64.4
433388,64.64
434398,64.71
435458,64.75
436468,65
437458,65.54
438408,65.81
439448,65.92
440498,65.92
441588,65.81
442648,65.88
443658,66.27
444708,66.54
445708,66.58
446748,66.54
447808,66.42
448808,66.31
449848,66.54
450908,66.85
451948,66.96
452968,66.92
453998,66.81
455128,66.62
456118,66.62
457158,66.92
458178,67.12
459208,67.15
460358,67.08
461428,66.96
462408,66.81
463498,66.85
464498,67.15
465488,67.31
466678,67.31
467598,67.23
468518,67.08
469588,66.92
470648,67
471668,67.31
472718,67.46
473758,67.42
474808,67.35
475818,67.19
476828,67.04
477858,67.04
478898,67.31
479958,67.5
480998,67.5
482008,67.42
483088,67.31
484138,67.12
485148,67.08
486158,67.35
487188,67.5
488248,67.5
489248,67.42
490368,67.31
491478,67.15
492508,66.96
493738,66.77
494698,66.58
495738,66.38
496748,66.15
497608,65.96
498638,65.77
499658,65.58
500708,65.38
501758,65.23
502808,65.08
503858,64.96
504908,64.86
505958,64.79
507008,64.71
508008,64.64
509088,64.64
510108,64.61
511138,64.61
512158,64.64
513158,64.68
514198,64.71
515238,64.79
516268,64.89
517298,64.96
518358,65.08
519408,65.19
520628,65.35
521648,65.46
522718,65.62
523718,65.77
524748,65.81
525738,65.81
526918,65.77
527638,65.85
528658,65.92
529658,66
530698,65.96
531748,65.92
532758,65.92
533798,66.04
534848,66.12
535868,66.08
536908,66
537978,66
538998,66.08
540108,66.15
541138,66.15
542168,66.04
543168,66.04
544228,66.12
545258,66.19
546308,66.19
547318,66.12
548358,66.08
549408,66.15
550648,66.23
551628,66.23
552668,66.15
553758,66.08
554758,66.15
555848,66.27
556828,66.27
557728,66.19
558748,66.12
559788,66.15
560808,66.27
561858,66.31
562868,66.23
563898,66.15
564948,66.19
565958,66.27
567008,66.35
568088,66.27
569138,66.19
570148,66.19
571158,66.27
572198,66.35
573258,66.31
574298,66.19
575318,66.19
576358,66.27
577418,66.38
578468,66.38
579508,66.27
580768,66.19
581808,66.27
582808,66.38
583958,66.38
584898,66.35
585918,66.23
587118,66.27
587918,66.38
588968,66.42
590008,66.38
591078,66.27
592088,66.23
593118,66.35
594148,66.46
595148,66.46
596208,66.38
597218,66.31
598258,66.31
599298,66.42
600348,66.46
601388,66.42
602408,66.31
603478,66.31
604498,66.42
605608,66.5
606658,66.42
607698,66.35
608718,66.31
609758,66.38
610978,66.5
611978,66.5
612988,66.42
613978,66.35
615158,66.35
616138,66.46
617158,66.54
618108,66.5
619148,66.42
620158,66.31
621168,66.38
622208,66.5
623218,66.54
624258,66.5
625308,66.38
626318,66.35
627368,66.46
628398,66.54
629438,66.54
630478,66.46
631518,66.35
632588,66.38
633648,66.54
634648,66.58
635658,66.54
636698,66.46
637708,66.38
638758,66.42
639798,66.58
640908,66.58
641988,66.54
643148,66.42
644188,66.38
645238,66.5
646278,66.62
647138,66.58
648098,66.54
649148,66.42
650158,66.42
651168,66.54
652218,66.62
653258,66.62
654308,66.5
655348,66.42
656358,66.46
657408,66.62
658458,66.65
659508,66.62
660578,66.54
661598,66.42
662648,66.46
663648,66.62
664708,66.65
665748,66.62
666838,66.5
667858,66.42
668898,66.54
669918,66.65
671208,66.65
672208,66.58
673208,66.46
674228,66.46
675228,66.58
676308,66.69
677278,66.65
678268,66.58
679308,66.46
680318,66.46
681368,66.62
682398,66.69
683458,66.65
684458,66.58
685508,66.5
686578,66.5
687588,66.62
688608,66.73
689638,66.69
690648,66.62
691698,66.54
692708,66.5
693758,66.62
694798,66.69
695858,66.69
696878,66.62
697918,66.5
698958,66.5
700258,66.69
701408,66.73
702398,66.69
703338,66.65
704398,66.54
705358,66.54
706378,66.65
707418,66.73
708358,66.73
709368,66.65
710398,66.54
711448,66.54
712508,66.69
713588,66.77
714638,66.73
715648,66.65
716708,66.54
717758,66.54
718808,66.69
719808,66.77
720858,66.77
721898,66.69
722948,66.62
723998,66.54
725088,66.65
726158,66.77
727148,66.77
728168,66.73
729208,66.62
730378,66.54
731418,66.69
732478,66.77
733448,66.81
734598,66.73
735648,66.65
736658,66.58
737568,66.65
738598,66.81
739648,66.81
740668,66.77
741718,66.65
742758,66.58
743798,66.62
744818,66.77
745828,66.81
746848,66.77
747908,66.69
748948,66.58
749958,66.62
751008,66.77
752088,66.81
753148,66.81
754168,66.69
755198,66.62
756258,66.62
757308,66.77
758348,66.85
759348,66.85
760488,66.77
761628,66.65
762648,66.62
763688,66.69
764728,66.81
765818,66.81
766798,66.77
767708,66.65
768758,66.62
769808,66.73
770818,66.85
771838,66.85
772848,66.77
773898,66.69
774948,66.62
776008,66.69
777088,66.85
778148,66.85
779168,66.81
780218,66.69
781248,66.62
782268,66.69
783308,66.85
784348,66.88
785398,66.85
786418,66.77
787478,66.65
788498,66.62
789598,66.77
790808,66.88
791908,66.85
792948,66.77
793908,66.69
795008,66.65
795918,66.77
796988,66.88
797838,66.88
798898,66.85
799898,66.73
800938,66.65
801958,66.69
803018,66.85
804128,66.88
805178,66.85
806148,66.77
807218,66.65
808198,66.65
809248,66.85
810298,66.88
811318,66.88
812358,66.81
813398,66.73
814448,66.65
815568,66.77
816498,66.88
817598,66.88
818618,66.85
819678,66.73
820858,66.65
821888,66.73
822938,66.88
823938,66.92
824928,66.88
826088,66.81
826998,66.69
827958,66.69
828998,66.85
830088,66.92
831108,66.92
832148,66.81
833158,66.73
834158,66.65
835208,66.77
836258,66.92
837308,66.96
838348,66.92
839408,66.85
840448,66.73
841498,66.73
842598,66.88
843648,66.96
844648,66.92
845708,66.88
846708,66.77
847768,66.69
848808,66.81
849848,66.92
851138,66.96
852168,66.88
853248,66.81
854258,66.69
855298,66.73
856308,66.88
857328,66.96
858258,66.92
859288,66.85
860318,66.73
861348,66.69
862398,66.81
863448,66.92
864458,66.92
865508,66.88
866598,66.77
867618,66.69
868678,66.81
869688,66.92
870668,66.92
871688,66.88
872708,66.81
873748,66.69
874768,66.77
875808,66.92
876848,66.96
877898,66.92
878978,66.85
880218,66.73
881308,66.73
882228,66.88
883368,66.96
884378,66.96
885418,66.88
886348,66.81
887408,66.69
888358,66.81
889408,66.96
890448,66.96
891508,66.92
892588,66.85
893658,66.73
894638,66.73
895658,66.88
896698,67
897718,66.96
898768,66.88
899808,66.81
900848,66.69
901898,66.81
902918,66.96
903948,67.04
904998,67
906088,66.92
907108,66.81
908148,66.73
909148,66.85
910298,67
911288,67
912308,66.96
913398,66.85
914448,66.77
915428,66.77
916648,66.92
917408,67
918458,67
919498,66.92
920598,66.81
921648,66.73
922658,66.85
923698,66.96
924718,67
925748,66.96
926798,66.85
927808,66.77
928818,66.77
929848,66.92
930898,67
931948,66.96
932958,66.92
934008,66.81
935098,66.73
936118,66.85
937178,66.96
938188,66.96
939208,66.92
940368,66.85
941408,66.73
942458,66.81
943468,66.96
944488,67
945498,66.96
946568,66.92
947388,66.81
948408,66.77
949488,66.88
950518,67
951598,67
952648,66.96
953648,66.85
954658,66.77
955698,66.81
956708,66.96
957758,67
958808,67
959848,66.92
960908,66.81
961908,66.77
962958,66.88
964008,67
965058,67
966088,66.96
967148,66.88
968168,66.77
969198,66.85
970458,67
971378,67
972468,66.96
973448,66.88
974458,66.77
975618,66.81
976468,66.96
977468,67
978508,67
979588,66.92
980638,66.81
981658,66.77
982658,66.88
983668,67
984698,67.04
985708,66.96
986758,66.88
987798,66.81
988848,66.81
989878,67
990898,67.08
991958,67.04
993008,66.96
994008,66.88
995088,66.77
996098,66.85
997138,67
998158,67.04
999158,67
1000368,66.92
1001368,66.81
1002388,66.81
1003418,66.96
1004408,67.04
1005478,67.04
1006428,67
1007378,66.88
1008408,66.81
1009458,66.88
1010508,67
1011588,67.04
1012608,67
1013648,66.92
1014658,66.85
1015708,66.81
1016748,66.96
1017798,67.08
1018858,67.08
1019928,67
1020968,66.92
1022008,66.81
1023008,66.85
1024088,67
1025098,67.04
1026138,67
1027158,66.96
1028218,66.85
1029258,66.81
1030408,66.96
1031438,67.04
1032488,67.04
1033498,66.96
1034498,66.88
1035708,66.81
1036788,66.92
1037648,67.04
1038668,67.08
1039668,67.04
1040708,66.96
1041758,66.88
1042808,66.81
1043818,66.96
1044858,67.08
1045908,67.08
1046958,67.04
1047968,66.96
1049008,66.85
1050008,66.81
1051088,66.96
1052138,67.08
1053158,67.08
1054148,67
1055168,66.92
1056208,66.85
1057248,66.85
1058308,67
1059318,67.08
1060438,67.04
1061438,66.96
1062578,66.88
1063488,66.81
1064668,66.96
1065648,67.08
1066708,67.08
1067618,67
1068648,66.92
1069658,66.81
1070658,66.88
1071708,67.04
1072748,67.08
1073808,67.04
1074858,66.96
1075868,66.85
1076908,66.85
1077958,67
1079008,67.12
1080018,67.12
1081108,67.04
1082158,66.96
1083148,66.85
1084198,66.88
1085198,67.04
1086218,67.08
1087258,67.08
1088308,67
1089348,66.88
1090498,66.85
1091638,66.96
1092688,67.08
1093778,67.12
1094728,67.08
1095788,66.96
1096768,66.88
1097648,66.85
1098668,67
1099708,67.08
1100758,67.08
1101778,67.04
1102808,66.96
1103858,66.85
1104908,66.88
1105948,67.04
1106968,67.12
1108008,67.08
1109088,67
1110128,66.92
1111148,66.85
1112158,66.92
1113198,67.08
1114218,67.08
1115258,67.04
1116308,66.96
1117348,66.85
1118358,66.88
1119398,67.04
1120728,67.08
1121688,67.08
1122718,67
1123848,66.88
1124888,66.85
1125828,67
1126898,67.12
1127818,67.12
1128858,67.08
1129908,66.96
1130958,66.88
1132008,66.88
1133088,67.04
1134138,67.12
1135158,67.12
1136208,67.04
1137258,66.96
1138308,66.85
1139318,66.92
1140358,67.08
1141408,67.12
1142448,67.12
1143448,67.04
1144498,66.92
1145508,66.85
1146608,66.96
1147648,67.08
1148658,67.12
1149708,67.04
1150828,66.96
1151898,66.88
1152968,66.88
1153998,67.04
1155128,67.12
1156118,67.12
1157088,67.04
1157908,66.96
1158918,66.88
1159958,66.96
1160998,67.08
1162128,67.12
1163108,67.08
1164178,66.96
1165148,66.88
1166168,66.88
1167208,67.04
1168288,67.12
1169328,67.12
1170368,67.04
1171418,66.92
1172458,66.88
1173508,66.96
1174508,67.12
1175588,67.12
1176638,67.04
1177648,66.96
1178688,66.88
1179708,66.92
1180938,67.08
1181958,67.12
1183028,67.08
1183978,67.04
1184988,66.92
1186028,66.88
1187008,67
1187978,67.12
1188998,67.12
1190018,67.08
1191078,67
1192078,66.88
1193098,66.77
1194118,66.65
1195138,66.54
1196358,66.35
1197608,66.23
1198378,66.08
1199398,65.96
1200448,65.81
1201808,65.62
1202818,65.5
1203848,65.35
1204868,65.19
1205888,65.08
1206908,64.93
1207928,64.79
1208948,64.68
1209968,64.54
1210988,64.43
1212008,64.3
1213028,64.2
1214038,64.07
1215088,63.97
1216088,63.87
1217118,63.73
1218138,63.63
1219158,63.5
1220178,63.4
1221198,63.3
1222218,63.2
1223238,63.1
1224258,63
1225278,62.87
1226298,62.77
1227318,62.67
1228338,62.57
1229348,62.47
1230378,62.37
1231398,62.27
1232418,62.2
1233438,62.07
1234458,62
1235478,61.9
1236498,61.8
1237728,61.7
1238848,61.6
1239868,61.5
1240888,61.4
1241898,61.33
1242958,61.23
1244008,61.13
1245358,61.03
1246068,60.97
1247098,60.87
1248118,60.8
1249158,60.7
1250508,60.6
1251518,60.5
1252538,60.43
1253558,60.33
1254578,60.27
1255608,60.17
1256628,60.1
1257648,60.03
1258668,59.94
1259718,59.88
1260738,59.82
1261748,59.74
1262778,59.68
1263798,59.62
1264818,59.53
1265828,59.47
1266858,59.41
1267878,59.35
1268888,59.29
1269918,59.21
1270938,59.15
1271958,59.09
1272978,59.03
1273998,58.97
1275008,58.91
1276038,58.82
1277058,58.76
1278078,58.71
1279098,58.65
1280118,58.59
1281138,58.53
1282158,58.47
1283178,58.41
1284198,58.35
1285208,58.29
1286238,58.24
1287258,58.18
1288278,58.12
1289298,58.09
1290308,58.03
1291318,57.97
1292328,57.91
1293358,57.85
1294378,57.79
1295388,57.74
1296398,57.68
1297418,57.65
1298438,57.59
1299458,57.53
1300478,57.47
1301498,57.41
1302518,57.35
1303538,57.32
1304558,57.26
1305578,57.21
1306598,57.15
1307618,57.09
1308638,57.06
1309658,57
1310678,56.94
1311698,56.91
1312718,56.85
1313738,56.79
1314758,56.74
1315778,56.71
1316798,56.65
1317818,56.62
1318838,56.56
1319848,56.5
1320868,56.47
1321878,56.41
1322898,56.35
1323908,56.32
1324928,56.26
1325948,56.24
1326958,56.18
1327968,56.12
1328978,56.09
1329998,56.03
1331008,56
1332028,55.94
1333048,55.91
1334058,55.85
1335078,55.82
1336128,55.76
1337148,55.71
1338148,55.68
1339178,55.62
1340198,55.59
1341208,55.53
1342238,55.5
1343258,55.44
1344268,55.41
1345298,55.35
1346318,55.32
1347328,55.26
1348358,55.24
1349378,55.21
1350398,55.15
1351418,55.12
1352438,55.06
1353458,55.03
1354478,54.97
1355498,54.95
1356518,54.92
1357538,54.87
1358558,54.84
1359568,54.79
1360588,54.76
1361598,54.74
1362628,54.68
1363648,54.66
1364668,54.63
1365678,54.58
1366708,54.55
1367728,54.5
1368748,54.47
1369768,54.45
1370788,54.39
1371798,54.37
1372828,54.34
1373848,54.29
1374858,54.26
1375888,54.24
1376898,54.18
1377908,54.16
1378928,54.13
1379928,54.11
1380958,54.05
1381978,54.03
1382998,54
1384008,53.97
1385038,53.92
1386058,53.89
1387078,53.87
1388088,53.82
1389118,53.79
1390138,53.76
1391158,53.74
1392178,53.68
1393198,53.66
1394218,53.63
1395238,53.61
1396258,53.55
1397278,53.53
1398288,53.5
1399308,53.48
1400328,53.42
1401348,53.4
1402368,53.38
1403388,53.35
1404398,53.3
1405428,53.27
1406448,53.25
1407468,53.23
1408488,53.2
1409508,53.17
1410528,53.12
1411548,53.1
1412568,53.08
1413578,53.05
1414608,53.02
1415628,53
1416648,52.95
1417668,52.92
1418688,52.89
1419708,52.87
1420728,52.84
1421748,52.82
1422768,52.76
1423788,52.74
1424798,52.71
1425828,52.68
1426838,52.66
1427858,52.63
1428878,52.61
1429898,52.58
1430938,52.53
1431948,52.53
1432978,52.47
1433998,52.45
1435018,52.42
1436028,52.39
1437048,52.37
1438068,52.34
1439078,52.32
1440098,52.29
1441128,52.24
1442138,52.21
1443178,52.18
1444208,52.16
1445218,52.13
1446248,52.11
1447268,52.08
1448288,52.05
1449308,52.03
1450318,52
1451328,51.97
1452338,51.95
1453358,51.89
1454378,51.89
1455398,51.87
1456408,51.82
1457438,51.79
1458448,51.76
1459468,51.74
1460488,51.71
1461508,51.68
1462528,51.66
1463548,51.63
1464568,51.61
1465588,51.58
1466608,51.55
1467628,51.53
1468648,51.5
1469658,51.47
1470668,51.45
1471688,51.42
1472708,51.39
1473718,51.37
1474728,51.34
1475748,51.32
1476768,51.29
1477788,51.26
1478808,51.24
1479828,51.21
1480848,51.18
1481868,51.16
1482888,51.13
1483908,51.11
1484918,51.08
1485928,51.05
1486948,51.03
1487968,51
1488988,50.98
1490008,50.95
1491018,50.92
1492058,50.9
1493078,50.88
1494098,50.85
1495108,50.85
1496128,50.83
1497158,50.8
1498178,50.77
1499198,50.75
1500208,50.73
1501238,50.7
1502258,50.67
1503278,50.65
1504298,50.62
1505318,50.6
1506338,50.58
1507358,50.55
1508358,50.52
1509388,50.5
1510398,50.47
1511408,50.45
1512438,50.45
1513458,50.42
1514488,50.39
1515508,50.37
1516528,50.34
1517548,50.32
1518568,50.29
1519578,50.26
1520598,50.24
1521628,50.21
1522648,50.18
1523668,50.18
1524688,50.13
1525708,50.13
1526718,50.11
1527748,50.08
1528768,50.05
1529788,50.03
1530808,50
1531828,49.98
1532848,49.95
1533868,49.93
1534888,49.93
1535918,49.91
1536928,49.89
1537938,49.86
1538958,49.84
1539968,49.82
1540988,49.8
1542018,49.77
1543038,49.77
1544068,49.75
1545088,49.73
1546108,49.7
1547128,49.68
1548148,49.66
1549168,49.66
1550178,49.64
1551198,49.61
1552208,49.59
1553228,49.57
1554258,49.55
1555278,49.52
1556318,49.52
1557338,49.5
1558358,49.48
1559368,49.45
1560398,49.43
1561418,49.4
1562438,49.4
1563458,49.38
1564458,49.36
1565478,49.33
1566498,49.31
1567518,49.29
1568548,49.29
1569558,49.26
1570598,49.24
1571608,49.21
1572618,49.19
1573648,49.17
1574668,49.17
1575678,49.14
1576708,49.12
1577728,49.1
1578748,49.07
1579768,49.07
1580788,49.05
1581808,49.02
1582828,49
1583848,48.98
1584868,48.98
1585888,48.95
1586908,48.93
1587918,48.91
1588948,48.89
1589968,48.89
1590998,48.86
1591998,48.84
1593028,48.82
1594038,48.8
1595058,48.8
1596088,48.77
1597108,48.75
1598128,48.73
1599148,48.7
1600178,48.7
1601198,48.68
1602218,48.66
1603238,48.64
1604258,48.64
1605278,48.61
1606298,48.59
1607318,48.57
1608338,48.57
1609358,48.55
1610378,48.52
1611398,48.5
1612418,48.48
1613428,48.48
1614448,48.45
1615468,48.43
1616488,48.4
1617498,48.4
1618528,48.38
1619558,48.36
1620578,48.33
1621598,48.33
1622618,48.31
1623638,48.29
1624658,48.26
1625678,48.26
1626698,48.24
1627708,48.21
1628738,48.19
1629748,48.19
1630778,48.17
1631798,48.14
1632818,48.12
1633848,48.12
1634858,48.1
1635878,48.07
1636908,48.05
1637928,48.05
1638948,48.02
1639968,48
1640988,48
1642008,47.98
1643028,47.95
1644048,47.93
1645048,47.93
1646078,47.91
1647098,47.89
1648108,47.86
1649128,47.86
1650148,47.84
1651158,47.82
1652188,47.82
1653198,47.8
1654218,47.77
1655248,47.75
1656268,47.75
1657298,47.73
1658328,47.7
1659348,47.7
1660378,47.68
1661388,47.66
1662408,47.64
1663428,47.64
1664448,47.61
1665468,47.59
1666488,47.59
1667508,47.57
1668518,47.55
1669548,47.52
1670558,47.52
1671568,47.5
1672588,47.5
1673618,47.48
1674648,47.45
1675668,47.43
1676688,47.43
1677708,47.4
1678718,47.38
1679748,47.38
1680768,47.36
1681788,47.33
1682808,47.33
1683828,47.31
1684838,47.29
1685848,47.26
1686878,47.26
1687898,47.24
1688908,47.24
1689938,47.21
1690958,47.19
1691978,47.17
1692998,47.17
1694018,47.14
1695048,47.12
1696068,47.12
1697088,47.1
1698108,47.07
1699128,47.07
1700148,47.05
1701168,47.02
1702188,47.02
1703208,47
1704218,46.98
1705248,46.98
1706268,46.95
1707288,46.93
1708308,46.93
1709318,46.91
1710348,46.89
1711358,46.89
1712388,46.86
1713398,46.84
1714428,46.84
1715448,46.82
1716468,46.8
1717488,46.8
1718508,46.77
1719538,46.75
1720558,46.75
1721578,46.73
1722598,46.7
1723608,46.7
1724628,46.68
1725648,46.68
1726668,46.66
1727688,46.64
1728708,46.64
1729728,46.61
1730738,46.59
1731768,46.59
1732788,46.57
1733798,46.55
1734828,46.55
1735848,46.52
1736858,46.5
1737888,46.5
1738908,46.48
1739928,46.48
1740948,46.45
1741968,46.45
1742978,46.43
1744008,46.43
1745028,46.43
1746058,46.43
1747078,46.43
1748098,46.4
1749118,46.4
1750128,46.4
1751148,46.4
1752178,46.4
1753188,46.4
1754218,46.4
1755228,46.4
1756238,46.4
1757258,46.4
1758308,46.38
1759328,46.38
1760348,46.38
1761378,46.4
1762398,46.4
1763408,46.38
1764428,46.38
1765438,46.38
1766478,46.38
1767498,46.38
1768518,46.38
1769538,46.38
1770558,46.36
1771578,46.36
1772598,46.38
1773618,46.38
1774638,46.38
1775678,46.38
1776698,46.36
1777718,46.36
1778728,46.36
1779738,46.38
1780758,46.38
1781788,46.36
1782798,46.36
1783818,46.33
1784818,46.36
1785848,46.36
1786868,46.38
1787888,46.38
1788908,46.36
1789928,46.33
1790948,46.33
1791968,46.36
1792988,46.36
1794008,46.36
1795018,46.36
1796048,46.36
1797068,46.33
1798088,46.33
1799108,46.36
1800118,46.38
1801138,46.36
1802158,46.36
1803168,46.36
1804198,46.33
1805218,46.33
1806238,46.36
1807258,46.36
1808278,46.36
1809298,46.36
1810318,46.33
1811328,46.31
1812358,46.33
1813378,46.33
1814388,46.36
1815418,46.33
1816438,46.33
1817448,46.31
1818468,46.31
1819498,46.33
1820528,46.36
1821548,46.36
1822568,46.36
1823588,46.33
1824608,46.31
1825628,46.31
1826648,46.33
1827668,46.36
1828688,46.36
1829708,46.33
1830718,46.33
1831748,46.31
1832758,46.31
1833778,46.31
1834788,46.33
1835818,46.33
1836838,46.33
1837848,46.33
1838878,46.31
1839888,46.29
1840918,46.31
1841938,46.33
1842968,46.33
1844098,46.33
1845108,46.31
1846158,46.29
1847228,46.29
1848258,46.31
1849648,46.33
1850998,46.33
1851508,46.31
1852538,46.31
1853558,46.29
1854568,46.29
1855588,46.31
1856608,46.31
1857618,46.31
1858638,46.31
1859648,46.29
1860668,46.26
1861688,46.29
1862708,46.31
1863718,46.31
1864748,46.31
1865768,46.31
1866778,46.29
1867788,46.26
1868808,46.29
1869818,46.31
1870828,46.33
1871858,46.31
1872868,46.31
1873888,46.29
1874908,46.26
1875928,46.26
1876948,46.31
1877968,46.33
1878988,46.31
1880008,46.31
1881028,46.29
1882048,46.26
1883068,46.26
1884088,46.29
1885108,46.31
1886128,46.31
1887148,46.31
1888158,46.29
1889178,46.29
1890198,46.26
1891208,46.26
1892228,46.29
1893238,46.31
1894258,46.31
1895278,46.29
1896298,46.29
1897308,46.26
1898328,46.24
1899348,46.26
1900348,46.31
1901368,46.31
1902388,46.31
1903398,46.31
1904418,46.29
1905438,46.26
1906458,46.24
1907498,46.26
1908528,46.31
1909548,46.31
1910568,46.29
1911588,46.29
1912608,46.26
1913628,46.24
1914648,46.26
1915658,46.29
1916688,46.31
1917708,46.31
1918718,46.29
1919748,46.26
1920758,46.24
1921768,46.24
1922788,46.26
1923808,46.29
1924818,46.31
1925848,46.29
1926868,46.29
1927888,46.26
1928908,46.24
1929928,46.24
1930948,46.26
1931958,46.29
1932968,46.29
1933988,46.29
1935008,46.26
1936038,46.24
1937048,46.21
1938078,46.26
1939088,46.29
1940098,46.31
1941118,46.29
1942138,46.29
1943158,46.26
1944178,46.24
1945198,46.21
1946218,46.26
1947238,46.29
1948248,46.29
1949278,46.29
1950298,46.26
1951318,46.24
1952338,46.21
1953358,46.21
1954368,46.26
1955378,46.29
1956398,46.31
1957418,46.29
1958438,46.29
1959458,46.26
1960478,46.24
1961498,46.21
1962518,46.24
1963538,46.29
1964548,46.29
1965558,46.29
1966578,46.26
1967598,46.24
1968618,46.21
1969638,46.21
1970648,46.24
1971668,46.29
1972688,46.29
1973698,46.29
1974718,46.26
1975738,46.24
1976758,46.21
1977768,46.19
1978778,46.24
1979788,46.29
1980788,46.29
1981818,46.29
1982838,46.26
1983858,46.26
1984878,46.24
1985898,46.21
1986908,46.19
1987938,46.24
1988958,46.29
1989978,46.29
1990998,46.26
1992018,46.24
1993028,46.21
1994048,46.19
1995048,46.19
1996068,46.24
1997098,46.26
1998118,46.26
1999128,46.26
2000158,46.24
2001168,46.21
2002198,46.19
2003218,46.19
2004238,46.24
2005258,46.29
2006278,46.29
2007298,46.26
2008318,46.24
2009338,46.21
2010358,46.19
2011378,46.19
2012398,46.24
2013408,46.26
2014438,46.29
2015448,46.26
2016468,46.26
2017488,46.24
2018508,46.21
2019528,46.19
2020548,46.21
2021568,46.26
2022578,46.29
2023598,46.26
2024628,46.26
2025638,46.24
2026668,46.21
2027708,46.19
2028728,46.19
2029748,46.24
2030748,46.26
2031778,46.29
2032798,46.26
2033818,46.24
2034838,46.21
2035858,46.19
2036878,46.17
2037888,46.19
2038908,46.26
2039918,46.29
2040948,46.29
2041968,46.26
2042968,46.26
2043998,46.24
2045008,46.21
2046038,46.17
2047058,46.19
2048068,46.24
2049088,46.26
2050108,46.26
2051128,46.26
2052148,46.24
2053168,46.21
2054188,46.19
2055208,46.17
2056228,46.19
2057248,46.26
2058268,46.26
2059288,46.26
2060298,46.26
2061308,46.24
2062328,46.21
2063338,46.19
2064358,46.17
2065368,46.21
2066398,46.26
2067418,46.26
2068438,46.26
2069458,46.26
2070468,46.24
2071488,46.21
2072508,46.17
2073528,46.17
2074538,46.21
2075568,46.24
2076578,46.26
2077598,46.24
2078618,46.21
2079628,46.19
2080658,46.17
2081678,46.14
2082688,46.19
2083698,46.24
2084728,46.26
2085748,46.26
2086768,46.24
2087788,46.21
2088808,46.19
2089828,46.17
2090848,46.14
2091868,46.21
2092888,46.26
2093908,46.26
2094928,46.26
2096318,46.24
2096998,46.21
2098018,46.19
2099038,46.17
2100058,46.17
2101078,46.24
2102098,46.26
2103118,46.26
2104128,46.24
2105148,46.21
2106168,46.19
2107188,46.17
2108198,46.14
2109228,46.19
2110238,46.24
2111258,46.26
2112268,46.26
2113278,46.26
2114308,46.24
2115328,46.19
2116348,46.17
2117378,46.14
2118388,46.17
2119408,46.24
2120428,46.26
2121448,46.26
2122468,46.26
2123488,46.24
2124508,46.21
2125528,46.19
2126548,46.14
2127568,46.14
2128608,46.24
2129618,46.26
2130638,46.26
2131658,46.26
2132678,46.24
2133698,46.21
2134708,46.19
2135738,46.17
2136758,46.14
2137778,46.19
2138798,46.26
2139818,46.26
2140838,46.26
2141848,46.24
2142878,46.24
2143898,46.19
2144928,46.17
2145948,46.14
2146968,46.14
2147988,46.21
2149008,46.26
2150028,46.26
2151048,46.26
2152068,46.24
2153088,46.21
2154108,46.19
2155138,46.14
2156188,46.12
2157348,46.19
2158248,46.24
2159278,46.26
2160308,46.24
2161318,46.21
2162348,46.19
2163378,46.17
2164398,46.14
2165438,46.12
2166458,46.19
2167488,46.24
2168598,46.24
2169568,46.24
2170588,46.21
2171598,46.19
2172628,46.17
2173658,46.12
2174688,46.14
2175718,46.19
2176738,46.24
2177758,46.24
2178768,46.24
2179788,46.21
2180788,46.19
2182148,46.14
2182908,46.12
2183908,46.12
2184928,46.21
2185938,46.38
2186958,46.61
2187968,46.93
2188998,47.33
2190008,47.82
2191038,48.33
2192048,48.95
2193078,49.59
2194098,50.34
2195108,51.11
2196138,52
2197148,52.82
2198168,53.68
2199188,54.53
2200218,55.44
2201258,56.12
2202308,56.53
2203318,56.76
2204348,56.88
2205408,56.94
2206418,57.12
2207448,57.47
2208458,57.76
2209498,57.85
2210598,57.88
2211648,57.82
2212658,57.79
2213668,58
2214708,58.29
2215758,58.38
2216768,58.38
2217798,58.32
2218848,58.24
2219858,58.21
2220868,58.44
2221908,58.68
2222958,58.74
2223968,58.71
2225008,58.65
2226098,58.53
2227108,58.44
2228158,58.59
2229158,58.82
2230198,58.88
2231218,58.85
2232258,58.79
2233298,58.68
2234358,58.56
2235368,58.41
2236388,58.26
2237448,58.12
2238468,57.97
2239518,58.06
2240588,58.24
2241658,58.26
2242648,58.24
2243708,58.15
2244758,58.03
2245768,57.91
2246808,57.88
2247858,58.09
2248908,58.21
2249918,58.24
2250958,58.18
2252008,58.06
2253108,57.97
2254148,57.85
2255158,57.97
2256158,58.18
2257198,58.24
2258218,58.21
2259268,58.15
2260308,58.03
2261358,57.91
2262438,57.91
2263478,58.12
2264468,58.24
2265498,58.24
2266598,58.18
2267638,58.09
2268658,58
2269698,57.91
2270718,58.03
2271768,58.21
2272808,58.26
2273848,58.24
2274868,58.18
2275908,58.06
2276958,57.97
2277998,57.94
2279018,58.15
2280088,58.26
2281138,58.29
2282148,58.24
2283198,58.15
2284208,58.06
2285218,57.94
2286258,58
2287308,58.21
2288318,58.29
2289358,58.29
2290368,58.24
2291378,58.15
2292408,58.06
2293468,57.94
2294508,58.09
2295508,58.26
2296588,58.32
2297638,58.29
2298648,58.24
2299708,58.15
2300748,58.03
2301808,58
2302818,58.18
2303858,58.32
2304908,58.35
2305918,58.29
2306948,58.24
2307988,58.15
2308998,58.03
2310018,58
2311098,58.21
2312138,58.32
2313158,58.35
2314158,58.32
2315208,58.24
2316218,58.15
2317258,58.03
2318298,58.06
2319358,58.29
2320368,58.38
2321418,58.38
2322458,58.32
2323468,58.26
2324518,58.15
2325598,58.06
2326658,58.06
2327648,58.24
2328708,58.35
2329758,58.35
2330808,58.29
2331818,58.24
2332848,58.15
2333898,58.03
2334918,58.09
2335968,58.29
2336958,58.38
2337998,58.38
2339088,58.32
2340098,58.24
2341118,58.15
2342168,58.06
2343148,58.12
2344198,58.32
2345218,58.38
2346298,58.35
2347298,58.29
2348348,58.24
2349368,58.15
2350398,58.06
2351468,58.18
2352508,58.35
2353578,58.38
2354608,58.38
2355658,58.32
2356648,58.24
2357658,58.15
2358698,58.06
2359708,58.21
2360758,58.35
2361808,58.41
2362848,58.38
2363898,58.32
2364948,58.24
2365998,58.15
2367008,58.09
2368108,58.24
2369168,58.38
2370158,58.41
2371188,58.38
2372238,58.32
2373258,58.24
2374318,58.15
2375368,58.09
2376398,58.29
2377458,58.41
2378458,58.41
2379498,58.38
2380598,58.32
2381618,58.24
2382678,58.15
2383658,58.12
2384668,58.29
2385698,58.41
2386738,58.41
2387798,58.38
2388838,58.32
2389858,58.24
2390908,58.15
2391918,58.12
2392968,58.29
2394008,58.41
2395138,58.41
2396178,58.35
2397158,58.29
2398208,58.21
2399238,58.12
2400258,58.15
2401298,58.35
2402318,58.41
2403338,58.41
2404398,58.35
2405448,58.29
2406458,58.21
2407498,58.12
2408608,58.21
2409658,58.38
2410648,58.44
2411698,58.41
2412718,58.35
2413718,58.29
2414758,58.21
2415798,58.12
2416848,58.26
2417868,58.41
2418908,58.44
2419948,58.41
2420988,58.35
2422088,58.29
2423098,58.21
2424148,58.15
2425158,58.29
2426148,58.41
2427198,58.41
2428258,58.38
2429298,58.32
2430308,58.26
2431348,58.15
2432368,58.15
2433398,58.32
2434468,58.44
2435498,58.44
2436518,58.38
2437628,58.32
2438658,58.24
2439648,58.15
2440658,58.21
2441698,58.38
2442748,58.44
2443798,58.44
2444798,58.41
2445858,58.32
2446868,58.24
2447918,58.15
2448948,58.24
2449998,58.41
2451078,58.47
2452098,58.44
2453108,58.38
2454148,58.32
2455158,58.24
2456198,58.18
2457248,58.29
2458268,58.41
2459298,58.47
2460358,58.44
2461358,58.38
2462418,58.29
2463498,58.21
2464498,58.18
2465518,58.32
2466588,58.41
2467628,58.44
2468658,58.38
2469648,58.32
2470698,58.26
2471718,58.18
2472768,58.21
2473808,58.38
2474868,58.47
2475878,58.47
2476898,58.44
2477948,58.38
2478958,58.29
2480008,58.21
2481108,58.21
2482158,58.38
2483208,58.47
2484258,58.44
2485308,58.41
2486318,58.35
2487348,58.26
2488398,58.18
2489418,58.24
2490448,58.41
2491508,58.44
2492588,58.44
2493598,58.38
2494648,58.32
2495658,58.24
2496708,58.18
2497778,58.32
2498768,58.44
2499808,58.47
2500848,58.41
2501868,58.41
2502878,58.47
2503908,58.65
2504928,58.82
2505938,59.15
2506968,59.5
2507988,59.94
2508988,60.47
2510008,61.13
2511028,61.8
2512048,62.53
2513068,63.27
2514118,64.1
2515128,64.86
2516148,65.81
2517198,66.77
2518208,67.62
2519218,68.42
2520388,68.88
2521418,69.08
2522498,69.15
2523498,69.19
2524628,69.35
2525628,69.77
2526748,70.09
2527578,70.14
2528618,70.14
2529648,70
2530658,70.05
2531708,70.41
2532748,70.67
2533808,70.75
2534858,70.67
2535898,70.54
2536918,70.45
2537958,70.67
2539008,70.96
2540008,71
2541088,70.96
2542138,70.83
2543158,70.71
2544208,70.83
2545258,71.14
2546268,71.23
2547308,71.18
2548358,71.05
2549408,70.92
2550718,70.92
2551758,71.18
2552858,71.41
2553798,71.36
2554828,71.27
2555838,71.09
2556848,70.96
2557788,71.14
2558818,71.41
2559858,71.5
2560908,71.45
2561958,71.32
2562958,71.18
2564008,71.05
2565088,71.27
2566108,71.5
2567128,71.5
2568138,71.45
2569168,71.32
2570198,71.14
2571258,71.23
2572308,71.5
2573348,71.59
2574368,71.55
2575408,71.45
2576418,71.27
2577448,71.18
2578508,71.41
2579508,71.64
2580818,71.64
2581898,71.55
2582768,71.41
2583838,71.27
2584828,71.05
2585938,70.88
2586918,70.67
2587868,70.67
2588908,70.83
2589918,70.96
2590958,70.92
2591998,70.83
2593008,70.67
2594088,70.5
2595098,70.54
2596158,70.79
2597208,70.88
2598248,70.83
2599308,70.71
2600358,70.58
2601398,70.45
2602418,70.54
2603458,70.79
2604508,70.83
2605588,70.79
2606608,70.67
2607638,70.54
2608638,70.41
2609648,70.58
2610938,70.79
2611918,70.83
2613018,70.75
2613968,70.67
2615158,70.5
2616188,70.5
2616968,70.71
2618018,70.83
2619088,70.83
2620138,70.75
2621148,70.62
2622158,70.5
2623208,70.5
2624248,70.71
2625248,70.88
2626298,70.83
2627318,70.75
2628368,70.62
2629398,70.5
2630448,70.54
2631508,70.75
2632598,70.88
2633618,70.83
2634668,70.75
2635658,70.62
2636668,70.5
2637698,70.58
2638768,70.83
2639758,70.88
2640988,70.83
2641938,70.75
2643018,70.62
2644108,70.5
2645148,70.62
2646188,70.88
2647158,70.96
2648098,70.92
2649108,70.83
2650178,70.67
2651148,70.54
2652198,70.62
2653288,70.83
2654308,70.92
2655358,70.92
2656398,70.79
2657408,70.67
2658458,70.54
2659508,70.62
2660588,70.88
2661608,70.92
2662638,70.88
2663648,70.79
2664668,70.67
2665708,70.54
2666748,70.71
2667768,70.92
2668778,70.96
2669938,70.88
2670968,70.79
2672088,70.67
2672998,70.58
2674128,70.75
2675218,70.96
2676218,70.96
2677138,70.92
2678148,70.79
2679168,70.67
2680208,70.58
2681258,70.79
2682308,70.96
2683328,70.96
2684358,70.92
2685398,70.79
2686418,70.67
2687468,70.58
2688498,70.79
2689598,70.96
2690648,70.96
2691658,70.92
2692668,70.79
2693698,70.67
2694758,70.62
2695808,70.83
2696858,70.96
2697908,70.96
2698948,70.88
2700128,70.75
2701198,70.62
2702248,70.67
2703348,70.92
2704388,71
2705468,70.96
2706428,70.88
2707308,70.79
2708318,70.62
2709358,70.71
2710408,70.92
2711448,71
2712468,71
2713498,70.92
2714598,70.79
2715618,70.67
2716658,70.75
2717668,70.92
2718688,71
2719688,71
2720758,70.92
2721758,70.79
2722838,70.67
2723878,70.75
2724918,70.96
2725938,71
2726958,70.96
2727998,70.88
2729008,70.75
2730288,70.67
2731318,70.79
2732268,70.96
2733328,71
2734298,70.96
2735448,70.88
2736368,70.75
2737408,70.67
2738348,70.83
2739398,71
2740408,71.05
2741448,71
2742468,70.88
2743488,70.75
2744498,70.71
2745608,70.88
2746608,71
2747668,71
2748658,70.92
2749688,70.83
2750738,70.71
2751758,70.75
2752818,70.96
2753848,71.05
2754898,71.05
2755948,70.96
2756958,70.83
2757998,70.71
2759128,70.75
2760308,70.96
2761338,71.05
2762348,71
2763388,70.92
2764458,70.79
2765488,70.71
2766468,70.83
2767398,71.05
2768418,71.05
2769458,71
2770508,70.88
2771588,70.75
2772648,70.75
2773668,70.92
2774718,71.05
2775748,71.05
2776808,70.96
2777858,70.83
2778898,70.75
2779958,70.75
2781008,71
2782058,71.05
2783108,71.05
2784168,70.96
2785148,70.83
2786198,70.71
2787218,70.79
2788258,71
2789308,71.09
2790428,71.05
2791498,70.96
2792498,70.83
2793598,70.75
2794488,70.83
2795508,71.05
2796678,71.09
2797458,71.05
2798508,70.96
2799518,70.83
2800588,70.75
2801638,70.88
2802648,71.05
2803658,71.09
2804698,71.05
2805708,70.96
2806758,70.83
2807808,70.75
2808858,70.92
2809908,71.09
2810958,71.09
2812008,71.05
2813018,70.96
2814088,70.83
2815148,70.79
2816158,70.92
2817148,71.09
2818168,71.09
2819208,71.05
2820468,70.92
2821638,70.79
2822668,70.79
2823728,71
2824758,71.09
2825728,71.09
2826758,71
2827608,70.92
2828648,70.79
2829658,70.79
2830668,71
2831708,71.09
2832718,71.05
2833758,70.96
2834768,70.88
2835778,70.79
2836808,70.88
2837858,71.05
2838898,71.09
2839948,71.05
2840988,70.96
2842008,70.83
2843098,70.79
2844098,70.96
2845148,71.09
2846158,71.09
2847208,71
2848258,70.92
2849308,70.79
2850428,70.83
2851448,71.05
2852448,71.14
2853478,71.14
2854638,71.05
2855748,70.92
2856778,70.83
2857498,70.83
2858508,71.05
2859518,71.14
2860588,71.09
2861638,71.05
2862658,70.92
2863658,70.79
2864708,70.92
2865718,71.09
2866758,71.14
2867768,71.14
2868818,71
2869848,70.92
2870898,70.79
2871948,70.92
2872988,71.09
2874008,71.14
2875098,71.09
2876098,71
2877148,70.88
2878158,70.79
2879158,70.96
2880378,71.14
2881358,71.14
2882368,71.09
2883468,70.96
2884468,70.88
2885588,70.88
2886688,71.09
2887468,71.18
2888508,71.14
2889598,71.05
2890638,70.96
2891658,70.83
2892708,70.92
2893748,71.09
2894798,71.18
2895848,71.14
2896898,71.05
2897978,70.92
2898958,70.83
2900008,70.96
2901088,71.14
2902168,71.14
2903158,71.09
2904198,71
2905218,70.88
2906248,70.88
2907298,71.09
2908328,71.18
2909348,71.14
2910508,71.09
2911618,70.96
2912618,70.88
2913658,70.92
2914708,71.09
2915748,71.14
2916788,71.09
2917638,71
2918648,70.88
2919648,70.88
2920658,71.05
2921708,71.18
2922748,71.18
2923798,71.09
2924858,70.96
2925868,70.88
2926908,70.92
2927918,71.14
2928948,71.23
2929958,71.18
2931008,71.14
2932008,71
2933088,70.88
2934158,70.92
2935158,71.09
2936198,71.18
2937218,71.14
2938258,71.09
2939308,70.96
2940448,70.88
2941618,71
2942638,71.18
2943658,71.18
2944688,71.14
2945718,71.05
2946758,70.92
2947588,70.88
2948648,71.05
2949668,71.18
2950708,71.23
2951748,71.14
2952768,71.05
2953808,70.92
2954858,70.88
2955898,71.05
2956908,71.18
2957958,71.18
2959008,71.14
2960008,71
2961078,70.88
2962088,70.92
2963108,71.14
2964148,71.23
2965148,71.23
2966168,71.14
2967208,71.05
2968258,70.92
2969268,70.96
2970418,71.14
2971428,71.23
2972748,71.18
2973688,71.09
2974458,71
2975648,70.88
2976658,71
2977498,71.18
2978518,71.23
2979598,71.23
2980678,71.09
2981638,71
2982658,70.92
2983738,71
2984708,71.18
2985788,71.23
2986828,71.14
2987868,71.05
2988898,70.92
2989908,70.96
2990948,71.14
2991998,71.23
2993088,71.18
2994128,71.09
2995138,71
2996158,70.92
2997158,71
2998198,71.18
2999218,71.23
3000318,71.18
3001418,71.05
3002438,70.96
3003498,70.92
3004638,71.09
3005628,71.23
3006578,71.23
3007508,71.18
3008598,71.09
3009658,70.96
3010668,70.96
3011708,71.09
3012748,71.23
3013808,71.18
3014818,71.14
3015848,71
3016908,70.92
3017908,71
3018958,71.18
3020008,71.23
3021088,71.14
3022148,71.05
3023168,70.96
3024218,70.92
3025258,71.14
3026258,71.23
3027308,71.23
3028348,71.18
3029408,71.05
3030828,70.92
3031778,70.96
3032748,71.18
3033838,71.27
3034878,71.23
3035928,71.14
3036918,71.05
3037808,70.96
3038858,71.05
3039858,71.18
3040918,71.23
3041948,71.18
3042998,71.09
3044018,70.96
3045098,70.96
3046178,71.14
3047148,71.23
3048198,71.23
3049218,71.14
3050248,71
3051298,70.92
3052318,71.05
3053338,71.18
3054428,71.23
3055408,71.18
3056448,71.09
3057578,70.96
3058598,70.96
3059648,71.18
3060878,71.23
3061938,71.23
3062958,71.14
3063968,71
3065008,70.96
3066018,71.09
3066978,71.23
3067918,71.23
3068958,71.18
3070008,71.09
3071088,70.96
3072158,71
3073158,71.18
3074208,71.23
3075258,71.18
3076308,71.09
3077358,71
3078368,70.96
3079408,71.14
3080458,71.23
3081498,71.23
3082508,71.14
3083588,71.05
3084658,70.96
3085658,71
3086698,71.18
3087718,71.27
3088758,71.23
3089928,71.14
3090948,71.05
3092068,70.96
3093138,71.09
3094148,71.23
3095158,71.23
3096238,71.18
3097158,71.09
3098098,70.96
3099148,71
3100158,71.18
3101198,71.23
3102218,71.23
3103268,71.14
3104308,71
3105318,70.96
3106358,71.14
3107408,71.23
3108458,71.23
3109458,71.18
3110508,71.09
3111598,70.96
3112608,71
3113678,71.18
3114668,71.27
3115708,71.27
3116768,71.18
3117758,71.09
3118798,70.96
3119948,71.05
3120968,71.23
3121968,71.27
3123128,71.27
3124068,71.18
3125008,71.09
3126178,71
3127088,71.09
3128008,71.23
3129138,71.27
3130108,71.23
3131178,71.09
3132158,71
3133198,71
3134258,71.18
3135268,71.32
3136308,71.32
3137348,71.23
3138368,71.14
3139388,71
3140408,71
3141418,71.18
3142458,71.32
3143508,71.27
3144508,71.23
3145598,71.09
3146648,71
3147648,71.05
3148708,71.23
3149708,71.32
3150908,71.27
3151938,71.18
3152978,71.09
3154008,71
3155188,71.14
3156138,71.27
3157118,71.32
3158108,71.27
3159158,71.18
3160208,71.05
3161258,71
3162308,71.18
3163358,71.32
3164398,71.32
3165408,71.27
3166458,71.14
3167498,71.05
3168598,71.05
3169608,71.23
3170658,71.32
3171688,71.32
3172708,71.23
3173758,71.14
3174808,71
3175818,71.05
3176848,71.23
3177908,71.32
3178918,71.27
3180128,71.18
3181288,71.09
3182328,71
3183378,71.14
3184458,71.27
3185418,71.27
3186448,71.23
3187358,71.09
3188398,71
3189478,71.05
3190458,71.23
3191498,71.32
3192648,71.27
3193668,71.18
3194658,71.09
3195708,71
3196718,71.09
3197758,71.27
3198818,71.32
3199858,71.27
3200908,71.18
3201958,71.05
3202968,71
3204008,71.18
3205088,71.32
3206138,71.32
3207158,71.23
3208208,71.14
3209248,71
3210418,71.05
3211468,71.27
3212418,71.32
3213628,71.27
3214618,71.18
3215628,71.09
3216648,71
3217498,71.14
3218578,71.27
3219608,71.32
3220648,71.27
3221658,71.18
3222698,71.05
3223738,71
3224768,71.18
3225808,71.27
3226858,71.27
3227868,71.23
3228908,71.14
3229958,71
3230998,71.09
3232008,71.27
3233088,71.32
3234148,71.27
3235158,71.18
3236198,71.05
3237258,71
3238268,71.14
3239308,71.27
3240498,71.27
3241458,71.23
3242678,71.14
3243618,71
3244628,71.05
3245658,71.23
3246678,71.32
3247498,71.27
3248498,71.23
3249588,71.09
3250648,71.05
3251658,71.14
3252708,71.27
3253718,71.27
3254758,71.23
3255818,71.14
3256858,71
3257868,71.09
3258898,71.27
3259958,71.32
3260958,71.32
3261998,71.23
3263108,71.09
3264178,71.05
3265178,71.18
3266198,71.32
3267258,71.32
3268298,71.23
3269318,71.14
3270548,71.05
3271528,71.14
3272628,71.27
3273558,71.32
3274718,71.23
3275648,71.18
3276628,71.05
3277548,71.05
3278568,71
3280008,70.92
3280618,70.83
3281638,70.75
3282848,70.58
3283678,70.45
3285108,70.27
3285928,70.09
3287108,69.92
3288118,69.81
3289138,69.65
3290158,69.54
3291418,69.35
3292438,69.19
3293458,69.08
3294478,68.92
3295568,68.81
3296578,68.65
3297598,68.54
3298628,68.38
3299638,68.27
3300668,68.12
3301678,68
3302718,67.85
3303738,67.73
3304758,67.62
3305778,67.46
3306798,67.35
3307848,67.23
3308848,67.08
3309878,66.96
3310898,66.85
3311928,66.73
3312948,66.62
3313958,66.5
3314988,66.38
3316008,66.23
3317018,66.15
3318048,66.04
3319068,65.92
3320088,65.81
3321098,65.69
3322128,65.58
3323138,65.46
3324168,65.35
3325188,65.23
3326198,65.15
3327218,65.04
3328248,64.93
3329268,64.82
3330288,64.75
3331308,64.64
3332328,64.54
3333348,64.47
3334368,64.37
3335398,64.3
3336408,64.2
3337438,64.1
3338458,64.03
3339478,63.93
3340498,63.87
3341518,63.77
3342538,63.7
3343558,63.6
3344578,63.53
3345598,63.43
3346608,63.37
3347638,63.3
3348658,63.2
3349678,63.13
3350678,63.07
3351698,62.97
3352728,62.9
3353748,62.83
3354778,62.77
3355798,62.67
3356808,62.6
3357838,62.53
3358858,62.47
3359878,62.37
3360898,62.3
3361928,62.23
3362948,62.17
3363968,62.1
3364978,62.03
3365998,61.93
3367008,61.9
3368038,61.8
3369048,61.73
3370078,61.67
3371098,61.6
3372108,61.53
3373138,61.47
3374158,61.4
3375178,61.33
3376188,61.27
3377218,61.2
3378238,61.13
3379258,61.07
3380278,61
3381298,60.93
3382308,60.87
3383338,60.8
